Time,TimeStep,Iteration,Total_Iterations,Max_Velocity_Error,Max_Pressure_Error,CNN_Used,CNN_Active
  3.9916245E-03,      1,      1,      2,  7.3184838E-05,  2.0773619E-10,0,1
  7.9832489E-03,      2,      1,      4,  9.9445398E-05,  2.0806646E-10,0,1
  1.1974873E-02,      3,      1,      6,  1.1615495E-04,  2.3364810E-10,0,1
  1.5966498E-02,      4,      1,      8,  1.2318139E-04,  2.2001629E-10,0,1
  1.9958122E-02,      5,      1,     10,  1.2082248E-04,  2.4045983E-10,0,1
  2.3949747E-02,      6,      1,     12,  1.1042856E-04,  2.9184436E-10,0,1
  2.7941371E-02,      7,      1,     14,  9.4138150E-05,  2.4129847E-10,0,1
  3.1932996E-02,      8,      1,     16,  7.4540064E-05,  2.4804316E-10,0,1
  3.5924620E-02,      9,      1,     18,  5.4331990E-05,  2.2139499E-10,0,1
  3.9916245E-02,     10,      1,     20,  6.5804016E-05,  2.3352861E-10,0,1
  4.3907869E-02,     11,      1,     22,  8.2529792E-05,  2.4504688E-10,0,1
  4.7899494E-02,     12,      1,     24,  9.4276627E-05,  2.3177420E-10,0,1
  5.1891118E-02,     13,      1,     26,  1.0030405E-04,  2.4769546E-10,0,1
  5.5882742E-02,     14,      1,     28,  1.0061380E-04,  2.5427598E-10,0,1
  5.9874367E-02,     15,      1,     30,  9.5879087E-05,  2.2998172E-10,0,1
  6.3865991E-02,     16,      1,     32,  8.7300614E-05,  2.6133157E-10,0,1
  6.7857616E-02,     17,      1,     34,  7.6413774E-05,  2.5068358E-10,0,1
  7.1849240E-02,     18,      1,     36,  6.4875176E-05,  3.0335865E-10,0,1
  7.5840865E-02,     19,      1,     38,  7.0520785E-05,  2.2878650E-10,0,1
  7.9420379E-02,     20,      1,     41,  7.3647063E-05,  2.4449290E-10,0,1
  8.2999893E-02,     21,      1,     43,  8.0266386E-05,  2.3991550E-10,0,1
  8.6579407E-02,     22,      1,     45,  8.4112430E-05,  2.2580957E-10,0,1
  8.9679751E-02,     23,      1,     48,  7.5850314E-05,  2.4147452E-10,0,1
  9.2780095E-02,     24,      1,     50,  7.2855731E-05,  2.5986594E-10,0,1
  9.5880439E-02,     25,      1,     52,  6.8435360E-05,  2.2569012E-10,0,1
  9.8661154E-02,     26,      1,     55,  5.7697291E-05,  2.3317326E-10,0,1
  1.0144187E-01,     27,      1,     57,  5.2303636E-05,  2.3510040E-10,0,1
  1.0422258E-01,     28,      1,     59,  5.7856010E-05,  2.3164715E-10,0,1
  1.0700330E-01,     29,      1,     61,  6.3272795E-05,  2.1450143E-10,0,1
  1.0947404E-01,     30,      1,     64,  6.0127281E-05,  2.3789681E-10,0,1
  1.1194478E-01,     31,      1,     66,  6.1244546E-05,  2.4116547E-10,0,1
  1.1441552E-01,     32,      1,     68,  6.1049045E-05,  2.4916551E-10,0,1
  1.1688626E-01,     33,      1,     70,  5.9695419E-05,  2.4643053E-10,0,1
  1.1935700E-01,     34,      1,     72,  5.7562653E-05,  2.6600766E-10,0,1
  1.2155918E-01,     35,      1,     75,  4.9500668E-05,  2.2385133E-10,0,1
  1.2376136E-01,     36,      1,     77,  4.9737469E-05,  2.2293312E-10,0,1
  1.2596355E-01,     37,      1,     79,  5.3354381E-05,  2.4155682E-10,0,1
  1.2816573E-01,     38,      1,     81,  5.6328588E-05,  2.1901152E-10,0,1
  1.3036791E-01,     39,      1,     83,  5.8486757E-05,  2.2799469E-10,0,1
  1.3257009E-01,     40,      1,     85,  5.9771574E-05,  2.4691074E-10,0,1
  1.3455019E-01,     41,      1,     88,  5.4701016E-05,  2.1208241E-10,0,1
  1.3653029E-01,     42,      1,     90,  5.3906927E-05,  2.3203088E-10,0,1
  1.3851039E-01,     43,      1,     92,  5.2820067E-05,  2.3250438E-10,0,1
  1.4049049E-01,     44,      1,     94,  5.1597152E-05,  2.4215296E-10,0,1
  1.4247059E-01,     45,      1,     96,  5.0754453E-05,  2.4412398E-10,0,1
  1.4445069E-01,     46,      1,     98,  5.2954769E-05,  2.4263529E-10,0,1
  1.4643078E-01,     47,      1,    100,  5.4962160E-05,  2.2218148E-10,0,1
  1.4841088E-01,     48,      1,    102,  5.6446060E-05,  2.3815762E-10,0,1
  1.5018909E-01,     49,      1,    105,  5.1721817E-05,  2.0919246E-10,0,1
  1.5196730E-01,     50,      1,    107,  5.1821497E-05,  2.3509792E-10,0,1
  1.5374550E-01,     51,      1,    109,  5.1705680E-05,  2.4772642E-10,0,1
  1.5552371E-01,     52,      1,    111,  5.1397897E-05,  2.2013847E-10,0,1
  1.5730192E-01,     53,      1,    113,  5.1562197E-05,  2.2038615E-10,0,1
  1.5908013E-01,     54,      1,    115,  5.3349330E-05,  2.2727598E-10,0,1
  1.6085833E-01,     55,      1,    117,  5.4966155E-05,  2.1054627E-10,0,1
  1.6263654E-01,     56,      1,    119,  5.6326480E-05,  2.2131427E-10,0,1
  1.6441475E-01,     57,      1,    121,  5.7389535E-05,  2.2887434E-10,0,1
  1.6619295E-01,     58,      1,    123,  5.8153949E-05,  2.1426209E-10,0,1
  1.6797116E-01,     59,      1,    125,  5.8653870E-05,  2.3248958E-10,0,1
  1.6956317E-01,     60,      1,    128,  5.3081875E-05,  2.2846430E-10,0,1
  1.7115518E-01,     61,      1,    130,  5.2880671E-05,  2.2489677E-10,0,1
  1.7274719E-01,     62,      1,    132,  5.2764978E-05,  2.5274162E-10,0,1
  1.7433920E-01,     63,      1,    134,  5.2983682E-05,  2.2636515E-10,0,1
  1.7593121E-01,     64,      1,    136,  5.4022568E-05,  2.1300000E-10,0,1
  1.7752322E-01,     65,      1,    138,  5.5088923E-05,  2.4479191E-10,0,1
  1.7911523E-01,     66,      1,    140,  5.5951231E-05,  2.4180185E-10,0,1
  1.8070723E-01,     67,      1,    142,  5.6610878E-05,  2.2246873E-10,0,1
  1.8229924E-01,     68,      1,    144,  5.7093308E-05,  2.4811496E-10,0,1
  1.8389125E-01,     69,      1,    146,  5.7442670E-05,  2.1849684E-10,0,1
  1.8548326E-01,     70,      1,    148,  5.7890645E-05,  2.5632584E-10,0,1
  1.8707527E-01,     71,      1,    150,  5.8646372E-05,  2.7970515E-10,0,1
  1.8866728E-01,     72,      1,    152,  5.9777470E-05,  2.2547653E-10,0,1
  1.9025929E-01,     73,      1,    154,  6.0870533E-05,  2.3367885E-10,0,1
  1.9169020E-01,     74,      1,    157,  5.5806521E-05,  2.2271281E-10,0,1
  1.9312111E-01,     75,      1,    159,  5.6298557E-05,  2.3987923E-10,0,1
  1.9455202E-01,     76,      1,    161,  5.6798149E-05,  2.1772708E-10,0,1
  1.9598293E-01,     77,      1,    163,  5.7211596E-05,  2.3294913E-10,0,1
  1.9741384E-01,     78,      1,    165,  5.7567933E-05,  2.5983854E-10,0,1
  1.9884474E-01,     79,      1,    167,  5.7903671E-05,  2.3873264E-10,0,1
  2.0027565E-01,     80,      1,    169,  5.8260790E-05,  2.5423930E-10,0,1
  2.0170656E-01,     81,      1,    171,  5.8887241E-05,  2.1747413E-10,0,1
  2.0313747E-01,     82,      1,    173,  5.9527688E-05,  2.6239965E-10,0,1
  2.0456838E-01,     83,      1,    175,  6.0193219E-05,  2.3102859E-10,0,1
  2.0599929E-01,     84,      1,    177,  6.0859199E-05,  2.4318615E-10,0,1
  2.0743020E-01,     85,      1,    179,  6.1515900E-05,  2.4821389E-10,0,1
  2.0886111E-01,     86,      1,    181,  6.2192367E-05,  2.5603820E-10,0,1
  2.1029202E-01,     87,      1,    183,  6.2871181E-05,  2.3970576E-10,0,1
  2.1172292E-01,     88,      1,    185,  6.3550145E-05,  2.1443207E-10,0,1
  2.1315383E-01,     89,      1,    187,  6.4227721E-05,  2.0452262E-10,0,1
  2.1458474E-01,     90,      1,    189,  6.4910819E-05,  2.6305713E-10,0,1
  2.1601565E-01,     91,      1,    191,  6.5673955E-05,  2.1418600E-10,0,1
  2.1744656E-01,     92,      1,    193,  6.6397021E-05,  2.1316282E-10,0,1
  2.1873034E-01,     93,      1,    196,  6.0401774E-05,  2.4224465E-10,0,1
  2.2001412E-01,     94,      1,    198,  6.0712533E-05,  2.1676527E-10,0,1
  2.2129790E-01,     95,      1,    200,  6.1124907E-05,  2.0989739E-10,0,1
  2.2258168E-01,     96,      1,    202,  6.1525557E-05,  2.2295301E-10,0,1
  2.2386547E-01,     97,      1,    204,  6.2041374E-05,  2.3851010E-10,0,1
  2.2514925E-01,     98,      1,    206,  6.2581982E-05,  2.2646773E-10,0,1
  2.2643303E-01,     99,      1,    208,  6.3139871E-05,  2.2725609E-10,0,1
  2.2771681E-01,    100,      1,    210,  6.3714131E-05,  2.2778537E-10,0,1
  2.2900059E-01,    101,      1,    212,  6.4302349E-05,  2.2055247E-10,0,1
  2.3028437E-01,    102,      1,    214,  6.4901036E-05,  2.1032065E-10,0,1
  2.3156815E-01,    103,      1,    216,  6.5506139E-05,  2.3408716E-10,0,1
  2.3285193E-01,    104,      1,    218,  6.6113558E-05,  2.4025104E-10,0,1
  2.3413571E-01,    105,      1,    220,  6.6719622E-05,  2.3737812E-10,0,1
  2.3541949E-01,    106,      1,    222,  6.7321459E-05,  2.7537445E-10,0,1
  2.3670327E-01,    107,      1,    224,  6.7917244E-05,  2.3584336E-10,0,1
  2.3798705E-01,    108,      1,    226,  6.8506297E-05,  2.1282176E-10,0,1
  2.3927083E-01,    109,      1,    228,  6.9089040E-05,  2.2614511E-10,0,1
  2.4055462E-01,    110,      1,    230,  6.9666835E-05,  2.3652280E-10,0,1
  2.4183840E-01,    111,      1,    232,  7.0241731E-05,  2.2835867E-10,0,1
  2.4312218E-01,    112,      1,    234,  7.0816152E-05,  2.4897417E-10,0,1
  2.4440596E-01,    113,      1,    236,  7.1392583E-05,  2.1282012E-10,0,1
  2.4568974E-01,    114,      1,    238,  7.1973273E-05,  2.4183262E-10,0,1
  2.4697352E-01,    115,      1,    240,  7.2560002E-05,  1.9304025E-10,0,1
  2.4825730E-01,    116,      1,    242,  7.3153919E-05,  2.5061067E-10,0,1
  2.4954108E-01,    117,      1,    244,  7.3755475E-05,  2.3473688E-10,0,1
  2.5069534E-01,    118,      1,    247,  6.6989140E-05,  2.7512297E-10,0,1
  2.5184959E-01,    119,      1,    249,  6.7288385E-05,  2.5343176E-10,0,1
  2.5300385E-01,    120,      1,    251,  6.7742430E-05,  2.4763291E-10,0,1
  2.5415811E-01,    121,      1,    253,  6.8209356E-05,  2.1257506E-10,0,1
  2.5531236E-01,    122,      1,    255,  6.8688370E-05,  2.0821711E-10,0,1
  2.5646662E-01,    123,      1,    257,  6.9180214E-05,  2.4217521E-10,0,1
  2.5762088E-01,    124,      1,    259,  6.9684289E-05,  2.1416654E-10,0,1
  2.5877513E-01,    125,      1,    261,  7.0198817E-05,  2.4139440E-10,0,1
  2.5992939E-01,    126,      1,    263,  7.0721162E-05,  2.3231905E-10,0,1
  2.6108365E-01,    127,      1,    265,  7.1248230E-05,  2.3374014E-10,0,1
  2.6223790E-01,    128,      1,    267,  7.1776864E-05,  2.2503374E-10,0,1
  2.6339216E-01,    129,      1,    269,  7.2304217E-05,  2.0612343E-10,0,1
  2.6454642E-01,    130,      1,    271,  7.2828036E-05,  1.9648800E-10,0,1
  2.6570067E-01,    131,      1,    273,  7.3346862E-05,  2.0334655E-10,0,1
  2.6685493E-01,    132,      1,    275,  7.3860110E-05,  2.5281191E-10,0,1
  2.6800918E-01,    133,      1,    277,  7.4368042E-05,  2.2126301E-10,0,1
  2.6916344E-01,    134,      1,    279,  7.4871653E-05,  2.3511389E-10,0,1
  2.7031770E-01,    135,      1,    281,  7.5372478E-05,  2.3719928E-10,0,1
  2.7147195E-01,    136,      1,    283,  7.5872362E-05,  2.1286860E-10,0,1
  2.7262621E-01,    137,      1,    285,  7.6373218E-05,  2.0723906E-10,0,1
  2.7378047E-01,    138,      1,    287,  7.6876798E-05,  2.1695338E-10,0,1
  2.7493472E-01,    139,      1,    289,  7.7384513E-05,  2.2316261E-10,0,1
  2.7608898E-01,    140,      1,    291,  7.7897302E-05,  2.2127297E-10,0,1
  2.7724324E-01,    141,      1,    293,  7.8415573E-05,  2.6776439E-10,0,1
  2.7839749E-01,    142,      1,    295,  7.8939209E-05,  2.3698021E-10,0,1
  2.7955175E-01,    143,      1,    297,  7.9467634E-05,  2.2305302E-10,0,1
  2.8070601E-01,    144,      1,    299,  7.9999924E-05,  2.8285413E-10,0,1
  2.8186026E-01,    145,      1,    301,  8.0534946E-05,  2.2192169E-10,0,1
  2.8301452E-01,    146,      1,    303,  8.1071513E-05,  2.1057968E-10,0,1
  2.8416878E-01,    147,      1,    305,  8.1608520E-05,  2.1088731E-10,0,1
  2.8532303E-01,    148,      1,    307,  8.2145065E-05,  2.4032332E-10,0,1
  2.8647729E-01,    149,      1,    309,  8.2680530E-05,  2.3526014E-10,0,1
  2.8763154E-01,    150,      1,    311,  8.3214622E-05,  2.2772261E-10,0,1
  2.8866949E-01,    151,      1,    314,  7.5471269E-05,  2.4161739E-10,0,1
  2.8970743E-01,    152,      1,    316,  7.5663071E-05,  2.0322588E-10,0,1
  2.9074538E-01,    153,      1,    318,  7.6024447E-05,  2.1505248E-10,0,1
  2.9178332E-01,    154,      1,    320,  7.6399350E-05,  2.0746604E-10,0,1
  2.9282127E-01,    155,      1,    322,  7.6790024E-05,  2.0676519E-10,0,1
  2.9385921E-01,    156,      1,    324,  7.7199755E-05,  2.2703261E-10,0,1
  2.9489715E-01,    157,      1,    326,  7.7629440E-05,  2.1102124E-10,0,1
  2.9593510E-01,    158,      1,    328,  7.8077692E-05,  2.1017698E-10,0,1
  2.9697304E-01,    159,      1,    330,  7.8541242E-05,  2.1776714E-10,0,1
  2.9801099E-01,    160,      1,    332,  7.9015519E-05,  2.0506951E-10,0,1
  2.9904893E-01,    161,      1,    334,  7.9495306E-05,  2.0284219E-10,0,1
  3.0008687E-01,    162,      1,    336,  7.9975401E-05,  2.2159852E-10,0,1
  3.0112482E-01,    163,      1,    338,  8.0451208E-05,  2.3002933E-10,0,1
  3.0216276E-01,    164,      1,    340,  8.0919187E-05,  2.1967449E-10,0,1
  3.0320071E-01,    165,      1,    342,  8.1377150E-05,  2.2449953E-10,0,1
  3.0423865E-01,    166,      1,    344,  8.1824366E-05,  2.4855987E-10,0,1
  3.0527660E-01,    167,      1,    346,  8.2261497E-05,  2.0122570E-10,0,1
  3.0631454E-01,    168,      1,    348,  8.2690379E-05,  1.8392278E-10,0,1
  3.0735248E-01,    169,      1,    350,  8.3113698E-05,  2.1327501E-10,0,1
  3.0839043E-01,    170,      1,    352,  8.3534595E-05,  2.0265230E-10,0,1
  3.0942837E-01,    171,      1,    354,  8.3956269E-05,  2.1413538E-10,0,1
  3.1046632E-01,    172,      1,    356,  8.4381603E-05,  2.1244873E-10,0,1
  3.1150426E-01,    173,      1,    358,  8.4812869E-05,  2.2419044E-10,0,1
  3.1254220E-01,    174,      1,    360,  8.5251529E-05,  2.1001723E-10,0,1
  3.1358015E-01,    175,      1,    362,  8.5698151E-05,  2.3276492E-10,0,1
  3.1461809E-01,    176,      1,    364,  8.6152430E-05,  2.0993163E-10,0,1
  3.1565604E-01,    177,      1,    366,  8.6613317E-05,  2.4226665E-10,0,1
  3.1669398E-01,    178,      1,    368,  8.7079207E-05,  1.9190338E-10,0,1
  3.1773193E-01,    179,      1,    370,  8.7548187E-05,  2.8490069E-10,0,1
  3.1876987E-01,    180,      1,    372,  8.8018284E-05,  2.3283064E-10,0,1
  3.1980781E-01,    181,      1,    374,  8.8487700E-05,  2.0192326E-10,0,1
  3.2084576E-01,    182,      1,    376,  8.8955004E-05,  2.0451105E-10,0,1
  3.2188370E-01,    183,      1,    378,  8.9419259E-05,  2.1145752E-10,0,1
  3.2292165E-01,    184,      1,    380,  8.9880083E-05,  2.1896085E-10,0,1
  3.2395959E-01,    185,      1,    382,  9.0337639E-05,  1.9417712E-10,0,1
  3.2499753E-01,    186,      1,    384,  9.0792559E-05,  2.1668711E-10,0,1
  3.2603548E-01,    187,      1,    386,  9.1245827E-05,  2.3635494E-10,0,1
  3.2707342E-01,    188,      1,    388,  9.1698632E-05,  2.1424285E-10,0,1
  3.2811137E-01,    189,      1,    390,  9.2152208E-05,  1.9733060E-10,0,1
  3.2914931E-01,    190,      1,    392,  9.2607695E-05,  2.1740121E-10,0,1
  3.3018726E-01,    191,      1,    394,  9.3066012E-05,  2.6375346E-10,0,1
  3.3122520E-01,    192,      1,    396,  9.3527783E-05,  2.0872903E-10,0,1
  3.3226314E-01,    193,      1,    398,  9.3993293E-05,  2.2612476E-10,0,1
  3.3319567E-01,    194,      1,    401,  8.5072688E-05,  2.0401908E-10,0,1
  3.3412820E-01,    195,      1,    403,  8.5152661E-05,  2.0008883E-10,0,1
  3.3506073E-01,    196,      1,    405,  8.5430591E-05,  2.2382472E-10,0,1
  3.3599326E-01,    197,      1,    407,  8.5731273E-05,  2.1581426E-10,0,1
  3.3692579E-01,    198,      1,    409,  8.6057691E-05,  2.1391144E-10,0,1
  3.3785832E-01,    199,      1,    411,  8.6412882E-05,  2.2954842E-10,0,1
  3.3879085E-01,    200,      1,    413,  8.6796364E-05,  2.0861535E-10,0,1
  3.3972338E-01,    201,      1,    415,  8.7204605E-05,  1.9817037E-10,0,1
  3.4065591E-01,    202,      1,    417,  8.7631821E-05,  2.1089226E-10,0,1
  3.4158844E-01,    203,      1,    419,  8.8070904E-05,  2.0213764E-10,0,1
  3.4252097E-01,    204,      1,    421,  8.8514372E-05,  2.4669811E-10,0,1
  3.4345350E-01,    205,      1,    423,  8.8955222E-05,  1.8332003E-10,0,1
  3.4438603E-01,    206,      1,    425,  8.9387639E-05,  2.1464075E-10,0,1
  3.4531856E-01,    207,      1,    427,  8.9807487E-05,  2.3713365E-10,0,1
  3.4625109E-01,    208,      1,    429,  9.0212575E-05,  2.5115754E-10,0,1
  3.4718362E-01,    209,      1,    431,  9.0602691E-05,  2.0918378E-10,0,1
  3.4811615E-01,    210,      1,    433,  9.0979416E-05,  2.0280311E-10,0,1
  3.4904868E-01,    211,      1,    435,  9.1345780E-05,  2.1016738E-10,0,1
  3.4998121E-01,    212,      1,    437,  9.1705787E-05,  2.3635183E-10,0,1
  3.5091374E-01,    213,      1,    439,  9.2063886E-05,  2.2304045E-10,0,1
  3.5184627E-01,    214,      1,    441,  9.2424442E-05,  2.0154812E-10,0,1
  3.5277880E-01,    215,      1,    443,  9.2791266E-05,  2.3296209E-10,0,1
  3.5371133E-01,    216,      1,    445,  9.3167241E-05,  2.2802382E-10,0,1
  3.5464386E-01,    217,      1,    447,  9.3554097E-05,  2.1390179E-10,0,1
  3.5557639E-01,    218,      1,    449,  9.3952324E-05,  2.0594526E-10,0,1
  3.5650892E-01,    219,      1,    451,  9.4361239E-05,  2.2611601E-10,0,1
  3.5744145E-01,    220,      1,    453,  9.4779176E-05,  2.3101165E-10,0,1
  3.5837398E-01,    221,      1,    455,  9.5203779E-05,  2.0886315E-10,0,1
  3.5930651E-01,    222,      1,    457,  9.5632339E-05,  2.3808563E-10,0,1
  3.6023904E-01,    223,      1,    459,  9.6062150E-05,  2.0850588E-10,0,1
  3.6117157E-01,    224,      1,    461,  9.6490830E-05,  2.4019187E-10,0,1
  3.6210410E-01,    225,      1,    463,  9.6916571E-05,  1.9372237E-10,0,1
  3.6303663E-01,    226,      1,    465,  9.7338305E-05,  2.7631586E-10,0,1
  3.6396916E-01,    227,      1,    467,  9.7755767E-05,  1.9132784E-10,0,1
  3.6490169E-01,    228,      1,    469,  9.8169454E-05,  2.2593127E-10,0,1
  3.6583422E-01,    229,      1,    471,  9.8580501E-05,  2.1914581E-10,0,1
  3.6676675E-01,    230,      1,    473,  9.8990499E-05,  2.0368547E-10,0,1
  3.6769928E-01,    231,      1,    475,  9.9401270E-05,  2.6359004E-10,0,1
  3.6863181E-01,    232,      1,    477,  9.9814647E-05,  2.3055691E-10,0,1
  3.6956434E-01,    233,      1,    479,  1.0023227E-04,  2.1509905E-10,0,1
  3.7049687E-01,    234,      1,    481,  1.0065542E-04,  2.1947155E-10,0,1
  3.7142940E-01,    235,      1,    483,  1.0108493E-04,  2.0252577E-10,0,1
  3.7236193E-01,    236,      1,    485,  1.0152116E-04,  2.1827873E-10,0,1
  3.7329446E-01,    237,      1,    487,  1.0196399E-04,  2.1435520E-10,0,1
  3.7422699E-01,    238,      1,    489,  1.0241293E-04,  2.1902213E-10,0,1
  3.7515952E-01,    239,      1,    491,  1.0286721E-04,  2.4940050E-10,0,1
  3.7609205E-01,    240,      1,    493,  1.0332594E-04,  2.1867663E-10,0,1
  3.7702457E-01,    241,      1,    495,  1.0378822E-04,  2.0783197E-10,0,1
  3.7795710E-01,    242,      1,    497,  1.0425327E-04,  2.0850222E-10,0,1
  3.7888963E-01,    243,      1,    499,  1.0472055E-04,  2.2508971E-10,0,1
  3.7982216E-01,    244,      1,    501,  1.0518978E-04,  2.1609026E-10,0,1
  3.8075469E-01,    245,      1,    503,  1.0566100E-04,  2.3544432E-10,0,1
  3.8168722E-01,    246,      1,    505,  1.0613455E-04,  2.1778745E-10,0,1
  3.8261975E-01,    247,      1,    507,  1.0661099E-04,  2.3606361E-10,0,1
  3.8345768E-01,    248,      1,    510,  9.6459412E-05,  2.2440071E-10,0,1
  3.8429561E-01,    249,      1,    512,  9.6323803E-05,  2.1702606E-10,0,1
  3.8513354E-01,    250,      1,    514,  9.6455618E-05,  1.9471696E-10,0,1
  3.8597147E-01,    251,      1,    516,  9.6670440E-05,  1.9804247E-10,0,1
  3.8680940E-01,    252,      1,    518,  9.6968845E-05,  2.1736740E-10,0,1
  3.8764733E-01,    253,      1,    520,  9.7344059E-05,  2.3371483E-10,0,1
  3.8848526E-01,    254,      1,    522,  9.7782915E-05,  2.0826896E-10,0,1
  3.8932319E-01,    255,      1,    524,  9.8269668E-05,  2.3208102E-10,0,1
  3.9016112E-01,    256,      1,    526,  9.8788427E-05,  2.1828672E-10,0,1
  3.9099905E-01,    257,      1,    528,  9.9324452E-05,  1.9229907E-10,0,1
  3.9183697E-01,    258,      1,    530,  9.9864795E-05,  2.3500657E-10,0,1
  3.9267490E-01,    259,      1,    532,  1.0039865E-04,  2.2846294E-10,0,1
  3.9351283E-01,    260,      1,    534,  1.0091762E-04,  2.0690649E-10,0,1
  3.9435076E-01,    261,      1,    536,  1.0141597E-04,  2.4173108E-10,0,1
  3.9518869E-01,    262,      1,    538,  1.0189081E-04,  2.0458923E-10,0,1
  3.9602662E-01,    263,      1,    540,  1.0234210E-04,  2.1179858E-10,0,1
  3.9686455E-01,    264,      1,    542,  1.0277255E-04,  2.2737368E-10,0,1
  3.9770248E-01,    265,      1,    544,  1.0318720E-04,  1.9564084E-10,0,1
  3.9854041E-01,    266,      1,    546,  1.0359291E-04,  2.3324209E-10,0,1
  3.9937834E-01,    267,      1,    548,  1.0399758E-04,  2.1759661E-10,0,1
  4.0021627E-01,    268,      1,    550,  1.0440937E-04,  2.0497071E-10,0,1
  4.0105419E-01,    269,      1,    552,  1.0483589E-04,  2.0171598E-10,0,1
  4.0189212E-01,    270,      1,    554,  1.0528342E-04,  2.0235125E-10,0,1
  4.0273005E-01,    271,      1,    556,  1.0575637E-04,  2.1645974E-10,0,1
  4.0356798E-01,    272,      1,    558,  1.0625688E-04,  2.0054358E-10,0,1
  4.0440591E-01,    273,      1,    560,  1.0678476E-04,  2.4157787E-10,0,1
  4.0524384E-01,    274,      1,    562,  1.0733764E-04,  1.9337371E-10,0,1
  4.0608177E-01,    275,      1,    564,  1.0791141E-04,  2.1367219E-10,0,1
  4.0691970E-01,    276,      1,    566,  1.0850079E-04,  2.3530443E-10,0,1
  4.0775763E-01,    277,      1,    568,  1.0910010E-04,  2.1614266E-10,0,1
  4.0859556E-01,    278,      1,    570,  1.0970395E-04,  2.0580662E-10,0,1
  4.0943349E-01,    279,      1,    572,  1.1030790E-04,  2.3426494E-10,0,1
  4.1027142E-01,    280,      1,    574,  1.1090898E-04,  2.3410252E-10,0,1
  4.1110934E-01,    281,      1,    576,  1.1150592E-04,  1.9428725E-10,0,1
  4.1194727E-01,    282,      1,    578,  1.1209924E-04,  2.6088998E-10,0,1
  4.1278520E-01,    283,      1,    580,  1.1269099E-04,  2.0436142E-10,0,1
  4.1362313E-01,    284,      1,    582,  1.1328441E-04,  2.0435209E-10,0,1
  4.1446106E-01,    285,      1,    584,  1.1388342E-04,  1.9412738E-10,0,1
  4.1529899E-01,    286,      1,    586,  1.1449205E-04,  1.9876945E-10,0,1
  4.1613692E-01,    287,      1,    588,  1.1511397E-04,  2.0643887E-10,0,1
  4.1697485E-01,    288,      1,    590,  1.1575205E-04,  2.4829205E-10,0,1
  4.1781278E-01,    289,      1,    592,  1.1640810E-04,  2.2066615E-10,0,1
  4.1865071E-01,    290,      1,    594,  1.1708277E-04,  2.2780799E-10,0,1
  4.1948864E-01,    291,      1,    596,  1.1777557E-04,  2.2107915E-10,0,1
  4.2032656E-01,    292,      1,    598,  1.1848507E-04,  2.3101121E-10,0,1
  4.2116449E-01,    293,      1,    600,  1.1920918E-04,  2.2032509E-10,0,1
  4.2200242E-01,    294,      1,    602,  1.1994542E-04,  2.4526023E-10,0,1
  4.2284035E-01,    295,      1,    604,  1.2069125E-04,  2.0083091E-10,0,1
  4.2367828E-01,    296,      1,    606,  1.2144438E-04,  2.0463631E-10,0,1
  4.2451621E-01,    297,      1,    608,  1.2220293E-04,  2.1903057E-10,0,1
  4.2535414E-01,    298,      1,    610,  1.2296559E-04,  2.1593460E-10,0,1
  4.2619207E-01,    299,      1,    612,  1.2373164E-04,  2.2287727E-10,0,1
  4.2703000E-01,    300,      1,    614,  1.2450095E-04,  2.1755531E-10,0,1
  4.2786793E-01,    301,      1,    616,  1.2527386E-04,  2.2183144E-10,0,1
  4.2870586E-01,    302,      1,    618,  1.2605103E-04,  2.2321700E-10,0,1
  4.2954379E-01,    303,      1,    620,  1.2683330E-04,  2.3965185E-10,0,1
  4.3038171E-01,    304,      1,    622,  1.2762149E-04,  2.4439117E-10,0,1
  4.3121964E-01,    305,      1,    624,  1.2841626E-04,  2.1654722E-10,0,1
  4.3205757E-01,    306,      1,    626,  1.2921797E-04,  2.1682617E-10,0,1
  4.3289550E-01,    307,      1,    628,  1.3002662E-04,  2.0475510E-10,0,1
  4.3373343E-01,    308,      1,    630,  1.3084178E-04,  2.2385271E-10,0,1
  4.3457136E-01,    309,      1,    632,  1.3166261E-04,  2.5280196E-10,0,1
  4.3540929E-01,    310,      1,    634,  1.3248794E-04,  2.3185542E-10,0,1
  4.3624722E-01,    311,      1,    636,  1.3331627E-04,  2.0699531E-10,0,1
  4.3708515E-01,    312,      1,    638,  1.3414595E-04,  2.1082580E-10,0,1
  4.3792308E-01,    313,      1,    640,  1.3497524E-04,  2.2335019E-10,0,1
  4.3876101E-01,    314,      1,    642,  1.3580244E-04,  2.0044055E-10,0,1
  4.3951439E-01,    315,      1,    645,  1.2154267E-04,  1.9037595E-10,0,1
  4.4026778E-01,    316,      1,    647,  1.1970330E-04,  2.1009328E-10,0,1
  4.4102117E-01,    317,      1,    649,  1.1956540E-04,  2.2555469E-10,0,1
  4.4177456E-01,    318,      1,    651,  1.2042984E-04,  2.1373125E-10,0,1
  4.4252795E-01,    319,      1,    653,  1.2172386E-04,  1.9660429E-10,0,1
  4.4328134E-01,    320,      1,    655,  1.2302745E-04,  2.1003643E-10,0,1
  4.4403473E-01,    321,      1,    657,  1.2413819E-04,  2.0622792E-10,0,1
  4.4478812E-01,    322,      1,    659,  1.2502588E-04,  2.2100721E-10,0,1
  4.4554151E-01,    323,      1,    661,  1.2574883E-04,  2.0486368E-10,0,1
  4.4629490E-01,    324,      1,    663,  1.2638367E-04,  2.2150504E-10,0,1
  4.4704828E-01,    325,      1,    665,  1.2698710E-04,  2.1405049E-10,0,1
  4.4780167E-01,    326,      1,    667,  1.2758586E-04,  2.1827873E-10,0,1
  4.4855506E-01,    327,      1,    669,  1.2818263E-04,  2.0785229E-10,0,1
  4.4930845E-01,    328,      1,    671,  1.2876701E-04,  2.2561153E-10,0,1
  4.5006184E-01,    329,      1,    673,  1.2932517E-04,  1.9629187E-10,0,1
  4.5081523E-01,    330,      1,    675,  1.2984584E-04,  2.3562352E-10,0,1
  4.5156862E-01,    331,      1,    677,  1.3032315E-04,  1.9790036E-10,0,1
  4.5232201E-01,    332,      1,    679,  1.3075705E-04,  2.1945978E-10,0,1
  4.5307540E-01,    333,      1,    681,  1.3115256E-04,  1.9178970E-10,0,1
  4.5382879E-01,    334,      1,    683,  1.3151850E-04,  2.2208724E-10,0,1
  4.5458217E-01,    335,      1,    685,  1.3186601E-04,  2.3101165E-10,0,1
  4.5533556E-01,    336,      1,    687,  1.3220716E-04,  2.4247607E-10,0,1
  4.5608895E-01,    337,      1,    689,  1.3255347E-04,  2.2184388E-10,0,1
  4.5684234E-01,    338,      1,    691,  1.3291468E-04,  2.0471846E-10,0,1
  4.5759573E-01,    339,      1,    693,  1.3329756E-04,  1.9847168E-10,0,1
  4.5834912E-01,    340,      1,    695,  1.3370509E-04,  2.3361002E-10,0,1
  4.5910251E-01,    341,      1,    697,  1.3413597E-04,  2.0302338E-10,0,1
  4.5985590E-01,    342,      1,    699,  1.3458467E-04,  2.2063296E-10,0,1
  4.6060929E-01,    343,      1,    701,  1.3504203E-04,  2.0422419E-10,0,1
  4.6136268E-01,    344,      1,    703,  1.3549642E-04,  2.1555024E-10,0,1
  4.6211606E-01,    345,      1,    705,  1.3593528E-04,  2.5897862E-10,0,1
  4.6286945E-01,    346,      1,    707,  1.3634692E-04,  2.3017188E-10,0,1
  4.6362284E-01,    347,      1,    709,  1.3672213E-04,  2.0474011E-10,0,1
  4.6437623E-01,    348,      1,    711,  1.3705555E-04,  2.2701663E-10,0,1
  4.6512962E-01,    349,      1,    713,  1.3734637E-04,  2.0126123E-10,0,1
  4.6588301E-01,    350,      1,    715,  1.3759829E-04,  2.2863844E-10,0,1
  4.6663640E-01,    351,      1,    717,  1.3781886E-04,  2.3317170E-10,0,1
  4.6738979E-01,    352,      1,    719,  1.3801815E-04,  2.2719249E-10,0,1
  4.6814318E-01,    353,      1,    721,  1.3820720E-04,  2.1319524E-10,0,1
  4.6889657E-01,    354,      1,    723,  1.3839638E-04,  2.1364022E-10,0,1
  4.6964996E-01,    355,      1,    725,  1.3859407E-04,  2.3172797E-10,0,1
  4.7040334E-01,    356,      1,    727,  1.3880574E-04,  2.1321966E-10,0,1
  4.7115673E-01,    357,      1,    729,  1.3903364E-04,  2.5016078E-10,0,1
  4.7191012E-01,    358,      1,    731,  1.3927700E-04,  2.8080649E-10,0,1
  4.7266351E-01,    359,      1,    733,  1.3953269E-04,  1.8836488E-10,0,1
  4.7341690E-01,    360,      1,    735,  1.3979612E-04,  2.1327651E-10,0,1
  4.7417029E-01,    361,      1,    737,  1.4006218E-04,  2.2501467E-10,0,1
  4.7492368E-01,    362,      1,    739,  1.4032619E-04,  2.4472835E-10,0,1
  4.7567707E-01,    363,      1,    741,  1.4058448E-04,  2.4017943E-10,0,1
  4.7643046E-01,    364,      1,    743,  1.4083487E-04,  2.0827429E-10,0,1
  4.7718385E-01,    365,      1,    745,  1.4107679E-04,  2.0674773E-10,0,1
  4.7793723E-01,    366,      1,    747,  1.4131117E-04,  1.9849722E-10,0,1
  4.7869062E-01,    367,      1,    749,  1.4154021E-04,  2.2977797E-10,0,1
  4.7944401E-01,    368,      1,    751,  1.4176703E-04,  2.0283730E-10,0,1
  4.8019740E-01,    369,      1,    753,  1.4199532E-04,  2.0944357E-10,0,1
  4.8095079E-01,    370,      1,    755,  1.4222893E-04,  2.3214852E-10,0,1
  4.8170418E-01,    371,      1,    757,  1.4247158E-04,  2.4867619E-10,0,1
  4.8245757E-01,    372,      1,    759,  1.4272659E-04,  2.7466740E-10,0,1
  4.8321096E-01,    373,      1,    761,  1.4299668E-04,  2.1191227E-10,0,1
  4.8396435E-01,    374,      1,    763,  1.4328385E-04,  2.3608404E-10,0,1
  4.8471774E-01,    375,      1,    765,  1.4358934E-04,  2.2808644E-10,0,1
  4.8547112E-01,    376,      1,    767,  1.4391365E-04,  2.3311986E-10,0,1
  4.8622451E-01,    377,      1,    769,  1.4425662E-04,  2.0406787E-10,0,1
  4.8697790E-01,    378,      1,    771,  1.4461754E-04,  2.3976554E-10,0,1
  4.8773129E-01,    379,      1,    773,  1.4499538E-04,  2.2737368E-10,0,1
  4.8848468E-01,    380,      1,    775,  1.4538894E-04,  2.1735547E-10,0,1
  4.8923807E-01,    381,      1,    777,  1.4579707E-04,  2.0918378E-10,0,1
  4.8999146E-01,    382,      1,    779,  1.4621881E-04,  1.9696245E-10,0,1
  4.9074485E-01,    383,      1,    781,  1.4665356E-04,  2.0698776E-10,0,1
  4.9149824E-01,    384,      1,    783,  1.4710111E-04,  2.1832283E-10,0,1
  4.9225163E-01,    385,      1,    785,  1.4756168E-04,  2.0372681E-10,0,1
  4.9300501E-01,    386,      1,    787,  1.4803588E-04,  2.2515678E-10,0,1
  4.9375840E-01,    387,      1,    789,  1.4852461E-04,  2.1967850E-10,0,1
  4.9451179E-01,    388,      1,    791,  1.4902891E-04,  2.1827873E-10,0,1
  4.9526518E-01,    389,      1,    793,  1.4954986E-04,  2.0281732E-10,0,1
  4.9601857E-01,    390,      1,    795,  1.5008842E-04,  2.0253310E-10,0,1
  4.9677196E-01,    391,      1,    797,  1.5064528E-04,  2.0554580E-10,0,1
  4.9752535E-01,    392,      1,    799,  1.5122084E-04,  2.1635249E-10,0,1
  4.9827874E-01,    393,      1,    801,  1.5181512E-04,  2.0422197E-10,0,1
  4.9903213E-01,    394,      1,    803,  1.5242775E-04,  1.9797719E-10,0,1
  4.9978552E-01,    395,      1,    805,  1.5305805E-04,  1.9743229E-10,0,1
  5.0053890E-01,    396,      1,    807,  1.5370507E-04,  2.2335617E-10,0,1
  5.0129229E-01,    397,      1,    809,  1.5436769E-04,  1.9468804E-10,0,1
  5.0204568E-01,    398,      1,    811,  1.5504474E-04,  2.0463631E-10,0,1
  5.0279907E-01,    399,      1,    813,  1.5573503E-04,  2.1745794E-10,0,1
  5.0347653E-01,    400,      1,    816,  1.3752801E-04,  2.2735591E-10,0,1
  5.0415399E-01,    401,      1,    818,  1.3553950E-04,  2.0705260E-10,0,1
  5.0483145E-01,    402,      1,    820,  1.3640519E-04,  2.1500313E-10,0,1
  5.0550891E-01,    403,      1,    822,  1.3810485E-04,  2.2587504E-10,0,1
  5.0618637E-01,    404,      1,    824,  1.3957637E-04,  2.1202595E-10,0,1
  5.0686384E-01,    405,      1,    826,  1.4053265E-04,  2.3026714E-10,0,1
  5.0754130E-01,    406,      1,    828,  1.4112218E-04,  2.2685143E-10,0,1
  5.0821876E-01,    407,      1,    830,  1.4159545E-04,  2.2966962E-10,0,1
  5.0889622E-01,    408,      1,    832,  1.4212643E-04,  2.1742608E-10,0,1
  5.0957368E-01,    409,      1,    834,  1.4277584E-04,  2.1464075E-10,0,1
  5.1025114E-01,    410,      1,    836,  1.4352528E-04,  2.2934898E-10,0,1
  5.1092860E-01,    411,      1,    838,  1.4432398E-04,  2.0918378E-10,0,1
  5.1160606E-01,    412,      1,    840,  1.4512081E-04,  2.0978019E-10,0,1
  5.1228352E-01,    413,      1,    842,  1.4587840E-04,  1.9645086E-10,0,1
  5.1296098E-01,    414,      1,    844,  1.4657569E-04,  2.1556701E-10,0,1
  5.1363844E-01,    415,      1,    846,  1.4720554E-04,  2.2669200E-10,0,1
  5.1431590E-01,    416,      1,    848,  1.4777141E-04,  2.6626878E-10,0,1
  5.1499336E-01,    417,      1,    850,  1.4828447E-04,  2.2464519E-10,0,1
  5.1567082E-01,    418,      1,    852,  1.4876100E-04,  2.2498359E-10,0,1
  5.1634829E-01,    419,      1,    854,  1.4922015E-04,  1.9917934E-10,0,1
  5.1702575E-01,    420,      1,    856,  1.4968166E-04,  2.0265345E-10,0,1
  5.1770321E-01,    421,      1,    858,  1.5016378E-04,  2.5249847E-10,0,1
  5.1838067E-01,    422,      1,    860,  1.5068158E-04,  2.0827429E-10,0,1
  5.1905813E-01,    423,      1,    862,  1.5124559E-04,  1.9973756E-10,0,1
  5.1973559E-01,    424,      1,    864,  1.5186101E-04,  2.1689228E-10,0,1
  5.2041305E-01,    425,      1,    866,  1.5252751E-04,  2.1827873E-10,0,1
  5.2109051E-01,    426,      1,    868,  1.5323954E-04,  2.1434698E-10,0,1
  5.2176797E-01,    427,      1,    870,  1.5398715E-04,  2.0462920E-10,0,1
  5.2244543E-01,    428,      1,    872,  1.5475732E-04,  2.1328628E-10,0,1
  5.2312289E-01,    429,      1,    874,  1.5553549E-04,  2.2956215E-10,0,1
  5.2380035E-01,    430,      1,    876,  1.5630731E-04,  1.9497293E-10,0,1
  5.2447781E-01,    431,      1,    878,  1.5706034E-04,  2.2353497E-10,0,1
  5.2515527E-01,    432,      1,    880,  1.5778545E-04,  2.2979840E-10,0,1
  5.2583273E-01,    433,      1,    882,  1.5847778E-04,  2.0997959E-10,0,1
  5.2651020E-01,    434,      1,    884,  1.5913719E-04,  2.1587265E-10,0,1
  5.2718766E-01,    435,      1,    886,  1.5976794E-04,  2.4738256E-10,0,1
  5.2786512E-01,    436,      1,    888,  1.6037790E-04,  2.0304469E-10,0,1
  5.2854258E-01,    437,      1,    890,  1.6097724E-04,  1.9171686E-10,0,1
  5.2922004E-01,    438,      1,    892,  1.6157689E-04,  2.1937963E-10,0,1
  5.2989750E-01,    439,      1,    894,  1.6218699E-04,  2.0625635E-10,0,1
  5.3057496E-01,    440,      1,    896,  1.6281563E-04,  2.1029933E-10,0,1
  5.3125242E-01,    441,      1,    898,  1.6346794E-04,  2.1793056E-10,0,1
  5.3192988E-01,    442,      1,    900,  1.6414574E-04,  2.1964297E-10,0,1
  5.3260734E-01,    443,      1,    902,  1.6484767E-04,  2.0949598E-10,0,1
  5.3328480E-01,    444,      1,    904,  1.6556975E-04,  2.3258906E-10,0,1
  5.3396226E-01,    445,      1,    906,  1.6630622E-04,  1.9135449E-10,0,1
  5.3463972E-01,    446,      1,    908,  1.6705055E-04,  2.0877167E-10,0,1
  5.3531718E-01,    447,      1,    910,  1.6779630E-04,  2.7458569E-10,0,1
  5.3599464E-01,    448,      1,    912,  1.6853793E-04,  2.2407676E-10,0,1
  5.3667211E-01,    449,      1,    914,  1.6927135E-04,  2.0183544E-10,0,1
  5.3734957E-01,    450,      1,    916,  1.6999414E-04,  2.2831204E-10,0,1
  5.3802703E-01,    451,      1,    918,  1.7070563E-04,  2.3372029E-10,0,1
  5.3870449E-01,    452,      1,    920,  1.7140671E-04,  2.0907409E-10,0,1
  5.3938195E-01,    453,      1,    922,  1.7209951E-04,  1.9394975E-10,0,1
  5.4005941E-01,    454,      1,    924,  1.7278703E-04,  2.0343704E-10,0,1
  5.4073687E-01,    455,      1,    926,  1.7347267E-04,  2.0465141E-10,0,1
  5.4141433E-01,    456,      1,    928,  1.7415984E-04,  2.2350832E-10,0,1
  5.4209179E-01,    457,      1,    930,  1.7485158E-04,  1.9062174E-10,0,1
  5.4276925E-01,    458,      1,    932,  1.7555031E-04,  2.1691449E-10,0,1
  5.4344671E-01,    459,      1,    934,  1.7625762E-04,  2.0029882E-10,0,1
  5.4412417E-01,    460,      1,    936,  1.7697416E-04,  2.3562929E-10,0,1
  5.4480163E-01,    461,      1,    938,  1.7769971E-04,  2.2191671E-10,0,1
  5.4547909E-01,    462,      1,    940,  1.7843323E-04,  2.4101610E-10,0,1
  5.4615655E-01,    463,      1,    942,  1.7917310E-04,  2.2528401E-10,0,1
  5.4683402E-01,    464,      1,    944,  1.7991731E-04,  2.0915270E-10,0,1
  5.4751148E-01,    465,      1,    946,  1.8066373E-04,  2.1917113E-10,0,1
  5.4818894E-01,    466,      1,    948,  1.8141037E-04,  2.2578206E-10,0,1
  5.4886640E-01,    467,      1,    950,  1.8215557E-04,  2.4930813E-10,0,1
  5.4954386E-01,    468,      1,    952,  1.8289818E-04,  2.1997071E-10,0,1
  5.5022132E-01,    469,      1,    954,  1.8363763E-04,  2.1645974E-10,0,1
  5.5089878E-01,    470,      1,    956,  1.8437394E-04,  2.1848479E-10,0,1
  5.5157624E-01,    471,      1,    958,  1.8510770E-04,  2.3464963E-10,0,1
  5.5225370E-01,    472,      1,    960,  1.8583988E-04,  2.4424196E-10,0,1
  5.5293116E-01,    473,      1,    962,  1.8657175E-04,  2.2044766E-10,0,1
  5.5360862E-01,    474,      1,    964,  1.8730466E-04,  2.0057644E-10,0,1
  5.5428608E-01,    475,      1,    966,  1.8803991E-04,  2.1881275E-10,0,1
  5.5496354E-01,    476,      1,    968,  1.8877857E-04,  2.1742430E-10,0,1
  5.5564100E-01,    477,      1,    970,  1.8952139E-04,  2.1464075E-10,0,1
  5.5631846E-01,    478,      1,    972,  1.9026878E-04,  2.2930635E-10,0,1
  5.5699593E-01,    479,      1,    974,  1.9102072E-04,  2.5018920E-10,0,1
  5.5767339E-01,    480,      1,    976,  1.9177691E-04,  2.3157343E-10,0,1
  5.5835085E-01,    481,      1,    978,  1.9253674E-04,  2.1645974E-10,0,1
  5.5902831E-01,    482,      1,    980,  1.9329946E-04,  2.0676794E-10,0,1
  5.5970577E-01,    483,      1,    982,  1.9406426E-04,  2.0568136E-10,0,1
  5.6038323E-01,    484,      1,    984,  1.9483036E-04,  2.0382629E-10,0,1
  5.6106069E-01,    485,      1,    986,  1.9559712E-04,  2.3377877E-10,0,1
  5.6173815E-01,    486,      1,    988,  1.9636412E-04,  2.1861268E-10,0,1
  5.6241561E-01,    487,      1,    990,  1.9713112E-04,  2.1879032E-10,0,1
  5.6309307E-01,    488,      1,    992,  1.9789814E-04,  2.3901237E-10,0,1
  5.6377053E-01,    489,      1,    994,  1.9866541E-04,  2.1940672E-10,0,1
  5.6444799E-01,    490,      1,    996,  1.9943330E-04,  2.0817970E-10,0,1
  5.6512545E-01,    491,      1,    998,  2.0020230E-04,  2.2787372E-10,0,1
  5.6580291E-01,    492,      1,   1000,  2.0097292E-04,  2.1680080E-10,0,1
  5.6648037E-01,    493,      1,   1002,  2.0174566E-04,  2.3736391E-10,0,1
  5.6715784E-01,    494,      1,   1004,  2.0252093E-04,  2.2009772E-10,0,1
  5.6783530E-01,    495,      1,   1006,  2.0329902E-04,  2.2798829E-10,0,1
  5.6851276E-01,    496,      1,   1008,  2.0408010E-04,  2.2760105E-10,0,1
  5.6919022E-01,    497,      1,   1010,  2.0486419E-04,  2.0881474E-10,0,1
  5.6986768E-01,    498,      1,   1012,  2.0565117E-04,  2.2328095E-10,0,1
  5.7054514E-01,    499,      1,   1014,  2.0644084E-04,  2.2461677E-10,0,1
  5.7122260E-01,    500,      1,   1016,  2.0723291E-04,  2.3828761E-10,0,1
  5.7190006E-01,    501,      1,   1018,  2.0802710E-04,  2.0817303E-10,0,1
  5.7257752E-01,    502,      1,   1020,  2.0882311E-04,  2.5053476E-10,0,1
  5.7325498E-01,    503,      1,   1022,  2.0962069E-04,  2.1645974E-10,0,1
  5.7393244E-01,    504,      1,   1024,  2.1041966E-04,  2.2853586E-10,0,1
  5.7460990E-01,    505,      1,   1026,  2.1121993E-04,  2.4374458E-10,0,1
  5.7528736E-01,    506,      1,   1028,  2.1202149E-04,  2.0268898E-10,0,1
  5.7596482E-01,    507,      1,   1030,  2.1282440E-04,  2.0346125E-10,0,1
  5.7664229E-01,    508,      1,   1032,  2.1362880E-04,  2.2009772E-10,0,1
  5.7731975E-01,    509,      1,   1034,  2.1443487E-04,  2.3283597E-10,0,1
  5.7799721E-01,    510,      1,   1036,  2.1524279E-04,  2.4192559E-10,0,1
  5.7867467E-01,    511,      1,   1038,  2.1605276E-04,  1.9645086E-10,0,1
  5.7928407E-01,    512,      1,   1041,  1.8879905E-04,  2.1513680E-10,0,1
  5.7989347E-01,    513,      1,   1043,  1.8222740E-04,  2.2396307E-10,0,1
  5.8050287E-01,    514,      1,   1045,  1.8157762E-04,  2.2782842E-10,0,1
  5.8111228E-01,    515,      1,   1047,  1.8374524E-04,  2.3095481E-10,0,1
  5.8172168E-01,    516,      1,   1049,  1.8652026E-04,  2.0949553E-10,0,1
  5.8233108E-01,    517,      1,   1051,  1.8882504E-04,  2.2032509E-10,0,1
  5.8294048E-01,    518,      1,   1053,  1.9046182E-04,  2.4374458E-10,0,1
  5.8354988E-01,    519,      1,   1055,  1.9165136E-04,  2.2712854E-10,0,1
  5.8415929E-01,    520,      1,   1057,  1.9267410E-04,  2.6921043E-10,0,1
  5.8476869E-01,    521,      1,   1059,  1.9370224E-04,  2.2996982E-10,0,1
  5.8537809E-01,    522,      1,   1061,  1.9477901E-04,  2.3226221E-10,0,1
  5.8598749E-01,    523,      1,   1063,  1.9586548E-04,  2.3510438E-10,0,1
  5.8659689E-01,    524,      1,   1065,  1.9689481E-04,  2.3368329E-10,0,1
  5.8720630E-01,    525,      1,   1067,  1.9780774E-04,  2.0485236E-10,0,1
  5.8781570E-01,    526,      1,   1069,  1.9856701E-04,  2.2498581E-10,0,1
  5.8842510E-01,    527,      1,   1071,  1.9915896E-04,  2.3857449E-10,0,1
  5.8903450E-01,    528,      1,   1073,  1.9959015E-04,  2.2718138E-10,0,1
  5.8964390E-01,    529,      1,   1075,  1.9988337E-04,  2.0895996E-10,0,1
  5.9025331E-01,    530,      1,   1077,  2.0007408E-04,  2.4336444E-10,0,1
  5.9086271E-01,    531,      1,   1079,  2.0020693E-04,  2.0850166E-10,0,1
  5.9147211E-01,    532,      1,   1081,  2.0033180E-04,  2.1513813E-10,0,1
  5.9208151E-01,    533,      1,   1083,  2.0049902E-04,  1.9988899E-10,0,1
  5.9269091E-01,    534,      1,   1085,  2.0075432E-04,  2.3716318E-10,0,1
  5.9330032E-01,    535,      1,   1087,  2.0113383E-04,  2.4330238E-10,0,1
  5.9390972E-01,    536,      1,   1089,  2.0165996E-04,  2.4772429E-10,0,1
  5.9451912E-01,    537,      1,   1091,  2.0233865E-04,  2.2191671E-10,0,1
  5.9512852E-01,    538,      1,   1093,  2.0315849E-04,  2.3446578E-10,0,1
  5.9573792E-01,    539,      1,   1095,  2.0409204E-04,  2.3561408E-10,0,1
  5.9634733E-01,    540,      1,   1097,  2.0509920E-04,  2.2100721E-10,0,1
  5.9695673E-01,    541,      1,   1099,  2.0613242E-04,  2.1651658E-10,0,1
  5.9756613E-01,    542,      1,   1101,  2.0714290E-04,  2.2541258E-10,0,1
  5.9817553E-01,    543,      1,   1103,  2.0808711E-04,  2.0430901E-10,0,1
  5.9878493E-01,    544,      1,   1105,  2.0893242E-04,  2.2100721E-10,0,1
  5.9939434E-01,    545,      1,   1107,  2.0966117E-04,  2.1263435E-10,0,1
  6.0000374E-01,    546,      1,   1109,  2.1027235E-04,  2.1418600E-10,0,1
  6.0061314E-01,    547,      1,   1111,  2.1078085E-04,  2.3462476E-10,0,1
  6.0122254E-01,    548,      1,   1113,  2.1121434E-04,  2.2099700E-10,0,1
  6.0183194E-01,    549,      1,   1115,  2.1160842E-04,  2.1645974E-10,0,1
  6.0244135E-01,    550,      1,   1117,  2.1200102E-04,  2.1757551E-10,0,1
  6.0305075E-01,    551,      1,   1119,  2.1242683E-04,  2.3591618E-10,0,1
  6.0366015E-01,    552,      1,   1121,  2.1291280E-04,  2.1168489E-10,0,1
  6.0426955E-01,    553,      1,   1123,  2.1347520E-04,  2.2998625E-10,0,1
  6.0487896E-01,    554,      1,   1125,  2.1411868E-04,  2.4010660E-10,0,1
  6.0548836E-01,    555,      1,   1127,  2.1483701E-04,  2.1807978E-10,0,1
  6.0609776E-01,    556,      1,   1129,  2.1561535E-04,  2.2503599E-10,0,1
  6.0670716E-01,    557,      1,   1131,  2.1643341E-04,  2.1426039E-10,0,1
  6.0731656E-01,    558,      1,   1133,  2.1726883E-04,  2.2909763E-10,0,1
  6.0792597E-01,    559,      1,   1135,  2.1810033E-04,  2.5177371E-10,0,1
  6.0853537E-01,    560,      1,   1137,  2.1891018E-04,  2.1918822E-10,0,1
  6.0914477E-01,    561,      1,   1139,  2.1968583E-04,  2.1464075E-10,0,1
  6.0975417E-01,    562,      1,   1141,  2.2042058E-04,  2.3212010E-10,0,1
  6.1036357E-01,    563,      1,   1143,  2.2111349E-04,  2.1265834E-10,0,1
  6.1097298E-01,    564,      1,   1145,  2.2176857E-04,  2.4374458E-10,0,1
  6.1158238E-01,    565,      1,   1147,  2.2239367E-04,  2.1159963E-10,0,1
  6.1219178E-01,    566,      1,   1149,  2.2299905E-04,  2.1387159E-10,0,1
  6.1280118E-01,    567,      1,   1151,  2.2359603E-04,  2.3948132E-10,0,1
  6.1341058E-01,    568,      1,   1153,  2.2419564E-04,  2.4556357E-10,0,1
  6.1401999E-01,    569,      1,   1155,  2.2480752E-04,  2.1296742E-10,0,1
  6.1462939E-01,    570,      1,   1157,  2.2543914E-04,  2.2427571E-10,0,1
  6.1523879E-01,    571,      1,   1159,  2.2609522E-04,  2.2791369E-10,0,1
  6.1584819E-01,    572,      1,   1161,  2.2677756E-04,  2.4805091E-10,0,1
  6.1645759E-01,    573,      1,   1163,  2.2748513E-04,  2.3639934E-10,0,1
  6.1706700E-01,    574,      1,   1165,  2.2821441E-04,  2.3916780E-10,0,1
  6.1767640E-01,    575,      1,   1167,  2.2896003E-04,  2.3629809E-10,0,1
  6.1828580E-01,    576,      1,   1169,  2.2971550E-04,  2.1409274E-10,0,1
  6.1889520E-01,    577,      1,   1171,  2.3047400E-04,  2.1668711E-10,0,1
  6.1950460E-01,    578,      1,   1173,  2.3122921E-04,  2.2520696E-10,0,1
  6.2011401E-01,    579,      1,   1175,  2.3197591E-04,  2.0240343E-10,0,1
  6.2072341E-01,    580,      1,   1177,  2.3271054E-04,  2.2740032E-10,0,1
  6.2133281E-01,    581,      1,   1179,  2.3343144E-04,  2.1100277E-10,0,1
  6.2194221E-01,    582,      1,   1181,  2.3413888E-04,  2.0357671E-10,0,1
  6.2255161E-01,    583,      1,   1183,  2.3483485E-04,  2.4374458E-10,0,1
  6.2316102E-01,    584,      1,   1185,  2.3552269E-04,  2.0099478E-10,0,1
  6.2377042E-01,    585,      1,   1187,  2.3620658E-04,  2.2012614E-10,0,1
  6.2437982E-01,    586,      1,   1189,  2.3689095E-04,  2.1391844E-10,0,1
  6.2498922E-01,    587,      1,   1191,  2.3757999E-04,  2.3885871E-10,0,1
  6.2559862E-01,    588,      1,   1193,  2.3827712E-04,  2.0401103E-10,0,1
  6.2620803E-01,    589,      1,   1195,  2.3898470E-04,  2.8081670E-10,0,1
  6.2681743E-01,    590,      1,   1197,  2.3970388E-04,  2.3650859E-10,0,1
  6.2742683E-01,    591,      1,   1199,  2.4043453E-04,  2.2293989E-10,0,1
  6.2803623E-01,    592,      1,   1201,  2.4117544E-04,  2.2282620E-10,0,1
  6.2864563E-01,    593,      1,   1203,  2.4192457E-04,  2.2046187E-10,0,1
  6.2925504E-01,    594,      1,   1205,  2.4267934E-04,  2.3991964E-10,0,1
  6.2986444E-01,    595,      1,   1207,  2.4343704E-04,  2.4720492E-10,0,1
  6.3047384E-01,    596,      1,   1209,  2.4419516E-04,  2.3104807E-10,0,1
  6.3108324E-01,    597,      1,   1211,  2.4495163E-04,  2.2286617E-10,0,1
  6.3169265E-01,    598,      1,   1213,  2.4570505E-04,  2.1679758E-10,0,1
  6.3230205E-01,    599,      1,   1215,  2.4645479E-04,  2.2919266E-10,0,1
  6.3291145E-01,    600,      1,   1217,  2.4720096E-04,  2.1071378E-10,0,1
  6.3352085E-01,    601,      1,   1219,  2.4794436E-04,  2.2062432E-10,0,1
  6.3413025E-01,    602,      1,   1221,  2.4868627E-04,  2.5229285E-10,0,1
  6.3473966E-01,    603,      1,   1223,  2.4942828E-04,  2.2373570E-10,0,1
  6.3534906E-01,    604,      1,   1225,  2.5017211E-04,  2.2009772E-10,0,1
  6.3595846E-01,    605,      1,   1227,  2.5091932E-04,  2.2300384E-10,0,1
  6.3656786E-01,    606,      1,   1229,  2.5167125E-04,  2.0447244E-10,0,1
  6.3717726E-01,    607,      1,   1231,  2.5242881E-04,  2.0577318E-10,0,1
  6.3778667E-01,    608,      1,   1233,  2.5319248E-04,  2.2737368E-10,0,1
  6.3839607E-01,    609,      1,   1235,  2.5396229E-04,  2.2353097E-10,0,1
  6.3900547E-01,    610,      1,   1237,  2.5473786E-04,  2.3896973E-10,0,1
  6.3961487E-01,    611,      1,   1239,  2.5551849E-04,  2.5194691E-10,0,1
  6.4022427E-01,    612,      1,   1241,  2.5630329E-04,  2.2509994E-10,0,1
  6.4083368E-01,    613,      1,   1243,  2.5709130E-04,  2.0220892E-10,0,1
  6.4144308E-01,    614,      1,   1245,  2.5788161E-04,  2.1771029E-10,0,1
  6.4205248E-01,    615,      1,   1247,  2.5867347E-04,  2.0089280E-10,0,1
  6.4266188E-01,    616,      1,   1249,  2.5946637E-04,  2.2610314E-10,0,1
  6.4327128E-01,    617,      1,   1251,  2.6026005E-04,  2.1924507E-10,0,1
  6.4388069E-01,    618,      1,   1254,  2.3025343E-04,  2.0990987E-10,0,1
  6.4449009E-01,    619,      1,   1256,  2.2317596E-04,  1.9364244E-10,0,1
  6.4509949E-01,    620,      1,   1258,  2.3168522E-04,  2.0681876E-10,0,1
  6.4570889E-01,    621,      1,   1260,  2.4673693E-04,  2.0486368E-10,0,1
  6.4631829E-01,    622,      1,   1262,  2.6135293E-04,  2.2072300E-10,0,1
  6.4692770E-01,    623,      1,   1264,  2.7197099E-04,  2.3726443E-10,0,1
  6.4753710E-01,    624,      1,   1266,  2.7799276E-04,  2.0190782E-10,0,1
  6.4814650E-01,    625,      1,   1269,  2.4915000E-04,  2.1600499E-10,0,1
  6.4875590E-01,    626,      1,   1271,  2.4126437E-04,  2.2357050E-10,0,1
  6.4936530E-01,    627,      1,   1273,  2.4868692E-04,  2.0831159E-10,0,1
  6.4997471E-01,    628,      1,   1275,  2.6308956E-04,  2.5734614E-10,0,1
  6.5058411E-01,    629,      1,   1277,  2.7739649E-04,  2.2384317E-10,0,1
  6.5119351E-01,    630,      1,   1279,  2.8760380E-04,  2.2244784E-10,0,1
  6.5180291E-01,    631,      1,   1282,  2.6153907E-04,  2.3510438E-10,0,1
  6.5241231E-01,    632,      1,   1284,  2.5396681E-04,  2.4018343E-10,0,1
  6.5302172E-01,    633,      1,   1286,  2.5994238E-04,  2.1168489E-10,0,1
  6.5363112E-01,    634,      1,   1288,  2.7207329E-04,  1.9837742E-10,0,1
  6.5424052E-01,    635,      1,   1290,  2.8403257E-04,  2.5329427E-10,0,1
  6.5484992E-01,    636,      1,   1293,  2.6252356E-04,  2.2464519E-10,0,1
  6.5545933E-01,    637,      1,   1295,  2.5797786E-04,  2.5961722E-10,0,1
  6.5606873E-01,    638,      1,   1297,  2.6541714E-04,  2.0098412E-10,0,1
  6.5667813E-01,    639,      1,   1299,  2.7808808E-04,  2.5102054E-10,0,1
  6.5728753E-01,    640,      1,   1301,  2.9033553E-04,  2.2200197E-10,0,1
  6.5789693E-01,    641,      1,   1304,  2.6913094E-04,  2.2642155E-10,0,1
  6.5850634E-01,    642,      1,   1306,  2.6470616E-04,  2.1079849E-10,0,1
  6.5911574E-01,    643,      1,   1308,  2.7246449E-04,  2.3464963E-10,0,1
  6.5972514E-01,    644,      1,   1310,  2.8569798E-04,  2.0372681E-10,0,1
  6.6033454E-01,    645,      1,   1312,  2.9853237E-04,  2.2117197E-10,0,1
  6.6094394E-01,    646,      1,   1315,  2.7729342E-04,  2.0116309E-10,0,1
  6.6155335E-01,    647,      1,   1317,  2.7211421E-04,  2.1162805E-10,0,1
  6.6216275E-01,    648,      1,   1319,  2.7885179E-04,  2.1515234E-10,0,1
  6.6277215E-01,    649,      1,   1321,  2.9112864E-04,  1.9817081E-10,0,1
  6.6338155E-01,    650,      1,   1324,  2.7522779E-04,  2.3283064E-10,0,1
  6.6399095E-01,    651,      1,   1326,  2.7447176E-04,  2.2845370E-10,0,1
  6.6460036E-01,    652,      1,   1328,  2.8380473E-04,  2.1168489E-10,0,1
  6.6520976E-01,    653,      1,   1330,  2.9703098E-04,  2.0891644E-10,0,1
  6.6581916E-01,    654,      1,   1333,  2.8068744E-04,  2.5465852E-10,0,1
  6.6636742E-01,    655,      1,   1336,  2.5168601E-04,  2.4181901E-10,0,1
  6.6691568E-01,    656,      1,   1338,  2.4790319E-04,  2.0137714E-10,0,1
  6.6746394E-01,    657,      1,   1340,  2.5175655E-04,  2.3283064E-10,0,1
  6.6801220E-01,    658,      1,   1342,  2.5888492E-04,  2.2286173E-10,0,1
  6.6856046E-01,    659,      1,   1344,  2.6588974E-04,  2.4386893E-10,0,1
  6.6910872E-01,    660,      1,   1346,  2.7089928E-04,  2.0584423E-10,0,1
  6.6965698E-01,    661,      1,   1348,  2.7352191E-04,  2.1100277E-10,0,1
  6.7020524E-01,    662,      1,   1350,  2.7427473E-04,  2.4374458E-10,0,1
  6.7075350E-01,    663,      1,   1352,  2.7394198E-04,  2.1486812E-10,0,1
  6.7130176E-01,    664,      1,   1354,  2.7315634E-04,  1.9717117E-10,0,1
  6.7185002E-01,    665,      1,   1356,  2.7226346E-04,  2.2657787E-10,0,1
  6.7239828E-01,    666,      1,   1358,  2.7137700E-04,  2.0699975E-10,0,1
  6.7294654E-01,    667,      1,   1360,  2.7049717E-04,  1.9804247E-10,0,1
  6.7349480E-01,    668,      1,   1362,  2.6960697E-04,  2.3828761E-10,0,1
  6.7404306E-01,    669,      1,   1364,  2.6871814E-04,  2.1246649E-10,0,1
  6.7459132E-01,    670,      1,   1366,  2.6787653E-04,  2.4596325E-10,0,1
  6.7513958E-01,    671,      1,   1368,  2.6714815E-04,  2.1660185E-10,0,1
  6.7568784E-01,    672,      1,   1370,  2.6660224E-04,  2.2555469E-10,0,1
  6.7623610E-01,    673,      1,   1372,  2.6629853E-04,  2.1645974E-10,0,1
  6.7678436E-01,    674,      1,   1374,  2.6627970E-04,  2.2919266E-10,0,1
  6.7733262E-01,    675,      1,   1376,  2.6656730E-04,  2.3788971E-10,0,1
  6.7788088E-01,    676,      1,   1378,  2.6715976E-04,  2.0877344E-10,0,1
  6.7842914E-01,    677,      1,   1381,  2.3998932E-04,  2.0782664E-10,0,1
  6.7897740E-01,    678,      1,   1383,  2.2921558E-04,  2.0193625E-10,0,1
  6.7952566E-01,    679,      1,   1385,  2.3341088E-04,  2.0484237E-10,0,1
  6.8007392E-01,    680,      1,   1387,  2.4705592E-04,  2.4196645E-10,0,1
  6.8062218E-01,    681,      1,   1389,  2.6356731E-04,  2.2390356E-10,0,1
  6.8117044E-01,    682,      1,   1391,  2.7788773E-04,  2.2468516E-10,0,1
  6.8171870E-01,    683,      1,   1394,  2.5929785E-04,  2.5079316E-10,0,1
  6.8226696E-01,    684,      1,   1396,  2.5212386E-04,  2.3101165E-10,0,1
  6.8281522E-01,    685,      1,   1398,  2.5658216E-04,  2.1298252E-10,0,1
  6.8336348E-01,    686,      1,   1400,  2.6875725E-04,  2.2026914E-10,0,1
  6.8391174E-01,    687,      1,   1402,  2.8307060E-04,  2.2259883E-10,0,1
  6.8446000E-01,    688,      1,   1404,  2.9489453E-04,  2.3101165E-10,0,1
  6.8500826E-01,    689,      1,   1407,  2.7387176E-04,  2.0799007E-10,0,1
  6.8555652E-01,    690,      1,   1409,  2.6300784E-04,  2.2074968E-10,0,1
  6.8610478E-01,    691,      1,   1411,  2.6358238E-04,  2.1659385E-10,0,1
  6.8665304E-01,    692,      1,   1413,  2.7254755E-04,  2.4010660E-10,0,1
  6.8720130E-01,    693,      1,   1415,  2.8474772E-04,  2.1419266E-10,0,1
  6.8774956E-01,    694,      1,   1417,  2.9557670E-04,  2.2056756E-10,0,1
  6.8829782E-01,    695,      1,   1420,  2.7510767E-04,  2.2531843E-10,0,1
  6.8884608E-01,    696,      1,   1422,  2.6443780E-04,  2.2391156E-10,0,1
  6.8939434E-01,    697,      1,   1424,  2.6538505E-04,  2.2854962E-10,0,1
  6.8994260E-01,    698,      1,   1426,  2.7519990E-04,  2.1503865E-10,0,1
  6.9049086E-01,    699,      1,   1428,  2.8867580E-04,  2.2555469E-10,0,1
  6.9103912E-01,    700,      1,   1431,  2.7529236E-04,  2.5268054E-10,0,1
  6.9158738E-01,    701,      1,   1433,  2.7009856E-04,  2.2100721E-10,0,1
  6.9213564E-01,    702,      1,   1435,  2.7432532E-04,  2.0764190E-10,0,1
  6.9268390E-01,    703,      1,   1437,  2.8555610E-04,  2.1100277E-10,0,1
  6.9323216E-01,    704,      1,   1439,  2.9924912E-04,  2.1223912E-10,0,1
  6.9378042E-01,    705,      1,   1442,  2.8519877E-04,  2.2003044E-10,0,1
  6.9432868E-01,    706,      1,   1444,  2.7845242E-04,  2.0087576E-10,0,1
  6.9487694E-01,    707,      1,   1446,  2.8115691E-04,  2.3774938E-10,0,1
  6.9542520E-01,    708,      1,   1448,  2.9136600E-04,  2.3891289E-10,0,1
  6.9597347E-01,    709,      1,   1450,  3.0455611E-04,  2.6693669E-10,0,1
  6.9652173E-01,    710,      1,   1453,  2.9053748E-04,  2.1766056E-10,0,1
  6.9706999E-01,    711,      1,   1455,  2.8296356E-04,  2.3029401E-10,0,1
  6.9761825E-01,    712,      1,   1457,  2.8570278E-04,  1.9938906E-10,0,1
  6.9816651E-01,    713,      1,   1459,  2.9555822E-04,  2.0833113E-10,0,1
  6.9871477E-01,    714,      1,   1462,  2.8412574E-04,  2.3367619E-10,0,1
  6.9926303E-01,    715,      1,   1464,  2.8140168E-04,  2.2737368E-10,0,1
  6.9981129E-01,    716,      1,   1466,  2.8911279E-04,  2.2624791E-10,0,1
  7.0035955E-01,    717,      1,   1468,  3.0158293E-04,  2.1354651E-10,0,1
  7.0090781E-01,    718,      1,   1471,  2.9098497E-04,  2.4645375E-10,0,1
  7.0145607E-01,    719,      1,   1473,  2.8863650E-04,  2.0026447E-10,0,1
  7.0200433E-01,    720,      1,   1475,  2.9688628E-04,  2.5283953E-10,0,1
  7.0255259E-01,    721,      1,   1477,  3.0951143E-04,  2.6520475E-10,0,1
  7.0310085E-01,    722,      1,   1480,  2.9795407E-04,  2.1958613E-10,0,1
  7.0364911E-01,    723,      1,   1482,  2.9608570E-04,  2.2548541E-10,0,1
  7.0419737E-01,    724,      1,   1484,  3.0377072E-04,  2.1356072E-10,0,1
  7.0474563E-01,    725,      1,   1487,  2.9205045E-04,  2.4056135E-10,0,1
  7.0529389E-01,    726,      1,   1489,  2.9377668E-04,  2.2078139E-10,0,1
  7.0584215E-01,    727,      1,   1491,  3.0420052E-04,  2.4738256E-10,0,1
  7.0639041E-01,    728,      1,   1494,  2.9497228E-04,  2.3126967E-10,0,1
  7.0693867E-01,    729,      1,   1496,  2.9849808E-04,  2.0463631E-10,0,1
  7.0748693E-01,    730,      1,   1498,  3.0999832E-04,  2.1645974E-10,0,1
  7.0803519E-01,    731,      1,   1501,  3.0104048E-04,  2.1524826E-10,0,1
  7.0858345E-01,    732,      1,   1503,  3.0450402E-04,  2.3079938E-10,0,1
  7.0913171E-01,    733,      1,   1505,  3.1584631E-04,  2.0830271E-10,0,1
  7.0967997E-01,    734,      1,   1508,  3.0675497E-04,  2.4033397E-10,0,1
  7.1022823E-01,    735,      1,   1510,  3.0997291E-04,  2.3995739E-10,0,1
  7.1077649E-01,    736,      1,   1512,  3.2101542E-04,  2.3075586E-10,0,1
  7.1132475E-01,    737,      1,   1515,  3.1156277E-04,  2.6454883E-10,0,1
  7.1187301E-01,    738,      1,   1517,  3.1429434E-04,  2.0008883E-10,0,1
  7.1242127E-01,    739,      1,   1519,  3.2480725E-04,  2.0959146E-10,0,1
  7.1296953E-01,    740,      1,   1522,  3.1484269E-04,  2.0557622E-10,0,1
  7.1351779E-01,    741,      1,   1524,  3.1703632E-04,  2.2421265E-10,0,1
  7.1406605E-01,    742,      1,   1526,  3.2710513E-04,  2.0631319E-10,0,1
  7.1461431E-01,    743,      1,   1529,  3.1695360E-04,  2.1340885E-10,0,1
  7.1516257E-01,    744,      1,   1531,  3.1902924E-04,  2.2038193E-10,0,1
  7.1571083E-01,    745,      1,   1533,  3.2913380E-04,  2.3270674E-10,0,1
  7.1625909E-01,    746,      1,   1536,  3.1929483E-04,  2.1390179E-10,0,1
  7.1680735E-01,    747,      1,   1538,  3.2167253E-04,  2.1908164E-10,0,1
  7.1735561E-01,    748,      1,   1541,  3.1080738E-04,  2.0645530E-10,0,1
  7.1790387E-01,    749,      1,   1543,  3.1431343E-04,  2.0732838E-10,0,1
  7.1845213E-01,    750,      1,   1545,  3.2755919E-04,  2.1555024E-10,0,1
  7.1900039E-01,    751,      1,   1548,  3.2254464E-04,  2.5203306E-10,0,1
  7.1954865E-01,    752,      1,   1550,  3.2890844E-04,  2.2660673E-10,0,1
  7.2009691E-01,    753,      1,   1553,  3.2035603E-04,  2.0035890E-10,0,1
  7.2064517E-01,    754,      1,   1555,  3.2489428E-04,  2.2187052E-10,0,1
  7.2119343E-01,    755,      1,   1558,  3.1803271E-04,  2.1123014E-10,0,1
  7.2174169E-01,    756,      1,   1560,  3.2494491E-04,  2.0143975E-10,0,1
  7.2228995E-01,    757,      1,   1562,  3.4123717E-04,  2.4647306E-10,0,1
  7.2283821E-01,    758,      1,   1565,  3.3684148E-04,  2.1559909E-10,0,1
  7.2338647E-01,    759,      1,   1567,  3.4297734E-04,  2.2245361E-10,0,1
  7.2393473E-01,    760,      1,   1570,  3.3317889E-04,  2.3334401E-10,0,1
  7.2448299E-01,    761,      1,   1572,  3.3645652E-04,  2.3055691E-10,0,1
  7.2503125E-01,    762,      1,   1575,  3.2744341E-04,  2.0941116E-10,0,1
  7.2557951E-01,    763,      1,   1577,  3.3479012E-04,  2.0065194E-10,0,1
  7.2612777E-01,    764,      1,   1580,  3.2865905E-04,  1.9756463E-10,0,1
  7.2667603E-01,    765,      1,   1582,  3.3779773E-04,  2.2077984E-10,0,1
  7.2722429E-01,    766,      1,   1585,  3.3254791E-04,  2.2427948E-10,0,1
  7.2777255E-01,    767,      1,   1587,  3.4229782E-04,  2.1123014E-10,0,1
  7.2832081E-01,    768,      1,   1590,  3.3722712E-04,  2.3082158E-10,0,1
  7.2886907E-01,    769,      1,   1592,  3.4709808E-04,  1.9554136E-10,0,1
  7.2941733E-01,    770,      1,   1595,  3.4193161E-04,  2.1509550E-10,0,1
  7.2996559E-01,    771,      1,   1597,  3.5170707E-04,  1.9919888E-10,0,1
  7.3051385E-01,    772,      1,   1600,  3.4623832E-04,  2.4583358E-10,0,1
  7.3106211E-01,    773,      1,   1602,  3.5572340E-04,  2.4920155E-10,0,1
  7.3161037E-01,    774,      1,   1605,  3.4978078E-04,  1.9704238E-10,0,1
  7.3215863E-01,    775,      1,   1607,  3.5962996E-04,  2.3461411E-10,0,1
  7.3270689E-01,    776,      1,   1610,  3.5240242E-04,  2.2339464E-10,0,1
  7.3325515E-01,    777,      1,   1612,  3.6291457E-04,  2.0811797E-10,0,1
  7.3380341E-01,    778,      1,   1615,  3.5432437E-04,  2.1373125E-10,0,1
  7.3435167E-01,    779,      1,   1617,  3.6577896E-04,  2.0281732E-10,0,1
  7.3489993E-01,    780,      1,   1620,  3.5608106E-04,  2.2806468E-10,0,1
  7.3544819E-01,    781,      1,   1622,  3.6881400E-04,  2.0509106E-10,0,1
  7.3599645E-01,    782,      1,   1625,  3.5896893E-04,  2.4571190E-10,0,1
  7.3654471E-01,    783,      1,   1628,  3.4884928E-04,  2.3914737E-10,0,1
  7.3709297E-01,    784,      1,   1630,  3.6408664E-04,  2.5068081E-10,0,1
  7.3764123E-01,    785,      1,   1633,  3.5770792E-04,  2.2111823E-10,0,1
  7.3818949E-01,    786,      1,   1635,  3.7494955E-04,  2.1100277E-10,0,1
  7.3873775E-01,    787,      1,   1638,  3.6841912E-04,  2.1236701E-10,0,1
  7.3928601E-01,    788,      1,   1641,  3.6095928E-04,  2.1464075E-10,0,1
  7.3983427E-01,    789,      1,   1643,  3.7900629E-04,  2.1009328E-10,0,1
  7.4038253E-01,    790,      1,   1646,  3.7354063E-04,  2.3567681E-10,0,1
  7.4093079E-01,    791,      1,   1649,  3.6705592E-04,  2.0997959E-10,0,1
  7.4147905E-01,    792,      1,   1651,  3.8613388E-04,  2.2606272E-10,0,1
  7.4202731E-01,    793,      1,   1654,  3.8095382E-04,  2.3088376E-10,0,1
  7.4257557E-01,    794,      1,   1657,  3.7443746E-04,  2.2980817E-10,0,1
  7.4312383E-01,    795,      1,   1660,  3.7037029E-04,  2.5570923E-10,0,1
  7.4367209E-01,    796,      1,   1662,  3.9174780E-04,  2.1856295E-10,0,1
  7.4422035E-01,    797,      1,   1665,  3.8772121E-04,  2.2043878E-10,0,1
  7.4476861E-01,    798,      1,   1668,  3.8247373E-04,  2.0000224E-10,0,1
  7.4531687E-01,    799,      1,   1671,  3.7974528E-04,  2.3852564E-10,0,1
  7.4586513E-01,    800,      1,   1673,  4.0275919E-04,  2.1832491E-10,0,1
  7.4641339E-01,    801,      1,   1676,  3.9941563E-04,  2.5647751E-10,0,1
  7.4696165E-01,    802,      1,   1679,  3.9414702E-04,  2.1827873E-10,0,1
  7.4750991E-01,    803,      1,   1682,  3.9091902E-04,  2.1123014E-10,0,1
  7.4805817E-01,    804,      1,   1685,  3.8965746E-04,  2.4010660E-10,0,1
  7.4860643E-01,    805,      1,   1688,  3.8990809E-04,  2.2692781E-10,0,1
  7.4915469E-01,    806,      1,   1691,  3.9142659E-04,  2.8381653E-10,0,1
  7.4970295E-01,    807,      1,   1694,  3.9403745E-04,  2.1702817E-10,0,1
  7.5025121E-01,    808,      1,   1697,  3.9749979E-04,  2.0008883E-10,0,1
  7.5079947E-01,    809,      1,   1700,  4.0150097E-04,  2.1861979E-10,0,1
  7.5134773E-01,    810,      1,   1703,  4.0571267E-04,  2.1394442E-10,0,1
  7.5189599E-01,    811,      1,   1706,  4.0984563E-04,  2.6739144E-10,0,1
  7.5244425E-01,    812,      1,   1709,  4.1367946E-04,  2.0492941E-10,0,1
  7.5299251E-01,    813,      1,   1712,  4.1707088E-04,  3.0377123E-10,0,1
  7.5354077E-01,    814,      1,   1715,  4.1995128E-04,  1.9724888E-10,0,1
  7.5408903E-01,    815,      1,   1718,  4.2232058E-04,  2.0811974E-10,0,1
  7.5463730E-01,    816,      1,   1721,  4.2423859E-04,  2.1111646E-10,0,1
  7.5518556E-01,    817,      1,   1724,  4.2581218E-04,  2.3137381E-10,0,1
  7.5573382E-01,    818,      1,   1727,  4.2717719E-04,  2.1259439E-10,0,1
  7.5628208E-01,    819,      1,   1730,  4.2847621E-04,  2.3469493E-10,0,1
  7.5683034E-01,    820,      1,   1733,  4.2983582E-04,  2.3396751E-10,0,1
  7.5737860E-01,    821,      1,   1736,  4.3134766E-04,  2.2460966E-10,0,1
  7.5792686E-01,    822,      1,   1739,  4.3305749E-04,  2.6557245E-10,0,1
  7.5847512E-01,    823,      1,   1742,  4.3496380E-04,  3.0013325E-10,0,1
  7.5902338E-01,    824,      1,   1745,  4.3702567E-04,  2.2615154E-10,0,1
  7.5957164E-01,    825,      1,   1748,  4.3917706E-04,  2.3646862E-10,0,1
  7.6011990E-01,    826,      1,   1751,  4.4134376E-04,  2.3010216E-10,0,1
  7.6066816E-01,    827,      1,   1754,  4.4345907E-04,  2.3243896E-10,0,1
  7.6121642E-01,    828,      1,   1757,  4.4547526E-04,  2.0145308E-10,0,1
  7.6176468E-01,    829,      1,   1760,  4.4736918E-04,  2.2478908E-10,0,1
  7.6231294E-01,    830,      1,   1763,  4.4914200E-04,  2.0988722E-10,0,1
  7.6286120E-01,    831,      1,   1766,  4.5081431E-04,  2.4970781E-10,0,1
  7.6340946E-01,    832,      1,   1769,  4.5241852E-04,  2.2964741E-10,0,1
  7.6395772E-01,    833,      1,   1772,  4.5399049E-04,  2.3313973E-10,0,1
  7.6450598E-01,    834,      1,   1775,  4.5556234E-04,  2.4057689E-10,0,1
  7.6505424E-01,    835,      1,   1778,  4.5715740E-04,  2.2328095E-10,0,1
  7.6560250E-01,    836,      1,   1781,  4.5878800E-04,  2.1938884E-10,0,1
  7.6615076E-01,    837,      1,   1784,  4.6045558E-04,  2.1654278E-10,0,1
  7.6669902E-01,    838,      1,   1787,  4.6215295E-04,  2.1773161E-10,0,1
  7.6724728E-01,    839,      1,   1790,  4.6386746E-04,  2.2199442E-10,0,1
  7.6779554E-01,    840,      1,   1793,  4.6558458E-04,  2.1827873E-10,0,1
  7.6834380E-01,    841,      1,   1796,  4.6729094E-04,  2.0724933E-10,0,1
  7.6889206E-01,    842,      1,   1799,  4.6897651E-04,  2.1149393E-10,0,1
  7.6944032E-01,    843,      1,   1802,  4.7142767E-04,  2.1162805E-10,0,1
  7.6998858E-01,    844,      1,   1805,  4.7398255E-04,  2.1827873E-10,0,1
  7.7053684E-01,    845,      1,   1808,  4.7652273E-04,  2.4428459E-10,0,1
  7.7108510E-01,    846,      1,   1811,  4.7905279E-04,  2.2748026E-10,0,1
  7.7157834E-01,    847,      1,   1815,  4.4505735E-04,  2.2737368E-10,0,1
  7.7207158E-01,    848,      1,   1817,  4.5356952E-04,  2.3510438E-10,0,1
  7.7256483E-01,    849,      1,   1820,  4.3492571E-04,  2.4135716E-10,0,1
  7.7305807E-01,    850,      1,   1823,  4.1705637E-04,  2.4192559E-10,0,1
  7.7355131E-01,    851,      1,   1825,  4.3273778E-04,  2.3572166E-10,0,1
  7.7404455E-01,    852,      1,   1828,  4.2217008E-04,  2.4467894E-10,0,1
  7.7453780E-01,    853,      1,   1831,  4.1114764E-04,  2.3237590E-10,0,1
  7.7503104E-01,    854,      1,   1833,  4.3336654E-04,  2.0030377E-10,0,1
  7.7552428E-01,    855,      1,   1836,  4.2610955E-04,  2.2170354E-10,0,1
  7.7601752E-01,    856,      1,   1839,  4.1699864E-04,  2.0338575E-10,0,1
  7.7651077E-01,    857,      1,   1842,  4.1323179E-04,  2.2693047E-10,0,1
  7.7700401E-01,    858,      1,   1845,  4.1321108E-04,  2.4351721E-10,0,1
  7.7749725E-01,    859,      1,   1848,  4.1487914E-04,  2.1827873E-10,0,1
  7.7799049E-01,    860,      1,   1851,  4.1726823E-04,  2.3548852E-10,0,1
  7.7848374E-01,    861,      1,   1854,  4.2019022E-04,  2.3101165E-10,0,1
  7.7897698E-01,    862,      1,   1857,  4.2364863E-04,  2.2191671E-10,0,1
  7.7947022E-01,    863,      1,   1860,  4.2753777E-04,  2.2509994E-10,0,1
  7.7996347E-01,    864,      1,   1863,  4.3161407E-04,  2.5738189E-10,0,1
  7.8045671E-01,    865,      1,   1866,  4.3558568E-04,  2.3468161E-10,0,1
  7.8094995E-01,    866,      1,   1869,  4.3920486E-04,  2.3192115E-10,0,1
  7.8144319E-01,    867,      1,   1872,  4.4231846E-04,  2.2723212E-10,0,1
  7.8193644E-01,    868,      1,   1875,  4.4487813E-04,  1.9818214E-10,0,1
  7.8242968E-01,    869,      1,   1878,  4.4692587E-04,  2.3025581E-10,0,1
  7.8292292E-01,    870,      1,   1881,  4.4856917E-04,  2.6197799E-10,0,1
  7.8341616E-01,    871,      1,   1884,  4.4995326E-04,  2.1810020E-10,0,1
  7.8390941E-01,    872,      1,   1887,  4.5123382E-04,  2.3283064E-10,0,1
  7.8440265E-01,    873,      1,   1890,  4.5255233E-04,  2.2976465E-10,0,1
  7.8489589E-01,    874,      1,   1893,  4.5401644E-04,  2.7193892E-10,0,1
  7.8538913E-01,    875,      1,   1896,  4.5568785E-04,  2.0422197E-10,0,1
  7.8588238E-01,    876,      1,   1899,  4.5757919E-04,  2.1464075E-10,0,1
  7.8637562E-01,    877,      1,   1902,  4.5965981E-04,  2.3408120E-10,0,1
  7.8686886E-01,    878,      1,   1905,  4.6186858E-04,  2.4147084E-10,0,1
  7.8736210E-01,    879,      1,   1908,  4.6413027E-04,  2.5296654E-10,0,1
  7.8785535E-01,    880,      1,   1911,  4.6637202E-04,  2.2146196E-10,0,1
  7.8834859E-01,    881,      1,   1914,  4.6853645E-04,  2.2323832E-10,0,1
  7.8884183E-01,    882,      1,   1917,  4.7058949E-04,  2.2037838E-10,0,1
  7.8933507E-01,    883,      1,   1920,  4.7252242E-04,  2.4727553E-10,0,1
  7.8982832E-01,    884,      1,   1923,  4.7434859E-04,  2.1686652E-10,0,1
  7.9032156E-01,    885,      1,   1926,  4.7609669E-04,  1.9826984E-10,0,1
  7.9081480E-01,    886,      1,   1929,  4.7780247E-04,  2.3464963E-10,0,1
  7.9130805E-01,    887,      1,   1932,  4.7950075E-04,  2.2702551E-10,0,1
  7.9180129E-01,    888,      1,   1935,  4.8121936E-04,  2.6193447E-10,0,1
  7.9229453E-01,    889,      1,   1938,  4.8297548E-04,  2.5254021E-10,0,1
  7.9278777E-01,    890,      1,   1941,  4.8477484E-04,  2.2046043E-10,0,1
  7.9328102E-01,    891,      1,   1944,  4.8661308E-04,  2.1407232E-10,0,1
  7.9377426E-01,    892,      1,   1947,  4.8847869E-04,  2.0713742E-10,0,1
  7.9426750E-01,    893,      1,   1950,  4.9035660E-04,  2.2536162E-10,0,1
  7.9476074E-01,    894,      1,   1953,  4.9223164E-04,  2.2923174E-10,0,1
  7.9525399E-01,    895,      1,   1956,  4.9409129E-04,  2.2492408E-10,0,1
  7.9574723E-01,    896,      1,   1959,  4.9592734E-04,  2.2737368E-10,0,1
  7.9624047E-01,    897,      1,   1962,  4.9773642E-04,  2.0801849E-10,0,1
  7.9673371E-01,    898,      1,   1965,  4.9951960E-04,  2.3692337E-10,0,1
  7.9722696E-01,    899,      1,   1968,  5.0128123E-04,  2.7648639E-10,0,1
  7.9722696E-01,    899,      2,   1969,  3.9250751E-04,  2.7648639E-10,0,1
  7.9772020E-01,    900,      1,   1971,  3.7744625E-04,  2.4962077E-10,0,1
  7.9821344E-01,    901,      1,   1974,  3.8974618E-04,  2.0099833E-10,0,1
  7.9870668E-01,    902,      1,   1977,  4.1584536E-04,  2.2555469E-10,0,1
  7.9919993E-01,    903,      1,   1980,  4.4368722E-04,  2.4958613E-10,0,1
  7.9969317E-01,    904,      1,   1983,  4.6722311E-04,  2.5292235E-10,0,1
  8.0018641E-01,    905,      1,   1986,  4.8569599E-04,  2.5829650E-10,0,1
  8.0067966E-01,    906,      1,   1990,  4.7903238E-04,  2.1569235E-10,0,1
  8.0117290E-01,    907,      1,   1993,  4.8956426E-04,  2.1768010E-10,0,1
  8.0166614E-01,    908,      1,   1996,  5.0242813E-04,  2.3101165E-10,0,1
  8.0166614E-01,    908,      2,   1997,  3.9223851E-04,  2.3101165E-10,0,1
  8.0215938E-01,    909,      1,   2000,  3.6583177E-04,  2.3106050E-10,0,1
  8.0265263E-01,    910,      1,   2003,  3.8604050E-04,  2.2919266E-10,0,1
  8.0314587E-01,    911,      1,   2006,  4.2768379E-04,  2.1814417E-10,0,1
  8.0363911E-01,    912,      1,   2009,  4.6683928E-04,  2.1594992E-10,0,1
  8.0413235E-01,    913,      1,   2012,  4.9410654E-04,  2.2152280E-10,0,1
  8.0462560E-01,    914,      1,   2016,  4.8957468E-04,  2.3828761E-10,0,1
  8.0511884E-01,    915,      1,   2019,  5.0545965E-04,  2.1350743E-10,0,1
  8.0511884E-01,    915,      2,   2020,  3.9245202E-04,  2.1350743E-10,0,1
  8.0561208E-01,    916,      1,   2023,  3.7172908E-04,  2.2895108E-10,0,1
  8.0610532E-01,    917,      1,   2026,  3.9665483E-04,  2.3229774E-10,0,1
  8.0659857E-01,    918,      1,   2029,  4.4667128E-04,  2.3283064E-10,0,1
  8.0709181E-01,    919,      1,   2032,  4.8837645E-04,  2.2458746E-10,0,1
  8.0758505E-01,    920,      1,   2036,  4.9207923E-04,  2.4101610E-10,0,1
  8.0807829E-01,    921,      1,   2039,  5.1370239E-04,  2.3101165E-10,0,1
  8.0807829E-01,    921,      2,   2040,  3.9206314E-04,  2.3101165E-10,0,1
  8.0857154E-01,    922,      1,   2043,  3.7522012E-04,  2.1136515E-10,0,1
  8.0906478E-01,    923,      1,   2046,  4.0576207E-04,  2.3010216E-10,0,1
  8.0955802E-01,    924,      1,   2049,  4.5884562E-04,  2.1645974E-10,0,1
  8.1005127E-01,    925,      1,   2053,  4.7827830E-04,  2.6627678E-10,0,1
  8.1054451E-01,    926,      1,   2056,  5.1263929E-04,  2.1378810E-10,0,1
  8.1054451E-01,    926,      2,   2057,  3.8578995E-04,  2.1378810E-10,0,1
  8.1103775E-01,    927,      1,   2060,  3.7614525E-04,  2.4323299E-10,0,1
  8.1153099E-01,    928,      1,   2063,  4.1472514E-04,  2.1645974E-10,0,1
  8.1202424E-01,    929,      1,   2067,  4.4700407E-04,  2.4215296E-10,0,1
  8.1251748E-01,    930,      1,   2070,  4.9779036E-04,  2.3265878E-10,0,1
  8.1301072E-01,    931,      1,   2074,  5.1284917E-04,  2.0548541E-10,0,1
  8.1301072E-01,    931,      2,   2075,  3.8511174E-04,  2.0548541E-10,0,1
  8.1350396E-01,    932,      1,   2077,  3.9527490E-04,  2.2009772E-10,0,1
  8.1399721E-01,    933,      1,   2081,  4.1790708E-04,  2.1827873E-10,0,1
  8.1449045E-01,    934,      1,   2084,  4.7378272E-04,  2.5809399E-10,0,1
  8.1498369E-01,    935,      1,   2088,  4.9931465E-04,  2.4780267E-10,0,1
  8.1547693E-01,    936,      1,   2091,  5.3871263E-04,  2.2554048E-10,0,1
  8.1547693E-01,    936,      2,   2092,  4.0012219E-04,  2.2554048E-10,0,1
  8.1597018E-01,    937,      1,   2095,  3.8946673E-04,  2.3283064E-10,0,1
  8.1646342E-01,    938,      1,   2098,  4.3304136E-04,  2.2919266E-10,0,1
  8.1695666E-01,    939,      1,   2102,  4.6664975E-04,  2.2919266E-10,0,1
  8.1744990E-01,    940,      1,   2106,  4.9717630E-04,  2.0827429E-10,0,1
  8.1794315E-01,    941,      1,   2109,  5.4279283E-04,  2.1634428E-10,0,1
  8.1794315E-01,    941,      2,   2110,  4.0139453E-04,  2.1634428E-10,0,1
  8.1843639E-01,    942,      1,   2113,  3.9393821E-04,  2.3185076E-10,0,1
  8.1892963E-01,    943,      1,   2116,  4.4061064E-04,  2.2090330E-10,0,1
  8.1942288E-01,    944,      1,   2120,  4.7683121E-04,  2.4806468E-10,0,1
  8.1991612E-01,    945,      1,   2124,  5.0923978E-04,  2.0827429E-10,0,1
  8.1991612E-01,    945,      2,   2125,  3.8615213E-04,  2.0827429E-10,0,1
  8.2040936E-01,    946,      1,   2128,  3.9272993E-04,  2.3408120E-10,0,1
  8.2090260E-01,    947,      1,   2131,  4.5017361E-04,  2.2464519E-10,0,1
  8.2139585E-01,    948,      1,   2135,  4.8831114E-04,  2.2468249E-10,0,1
  8.2188909E-01,    949,      1,   2139,  5.2071988E-04,  2.2491786E-10,0,1
  8.2188909E-01,    949,      2,   2140,  3.9146195E-04,  2.2491786E-10,0,1
  8.2238233E-01,    950,      1,   2143,  3.9760019E-04,  2.1768498E-10,0,1
  8.2287557E-01,    951,      1,   2146,  4.5775422E-04,  2.3828761E-10,0,1
  8.2336882E-01,    952,      1,   2150,  4.9860847E-04,  2.6220093E-10,0,1
  8.2386206E-01,    953,      1,   2154,  5.3230492E-04,  2.1100277E-10,0,1
  8.2386206E-01,    953,      2,   2155,  4.0103157E-04,  2.1100277E-10,0,1
  8.2435530E-01,    954,      1,   2158,  4.0573201E-04,  2.4294877E-10,0,1
  8.2484854E-01,    955,      1,   2161,  4.6517968E-04,  2.2733282E-10,0,1
  8.2534179E-01,    956,      1,   2165,  5.0467608E-04,  2.2919266E-10,0,1
  8.2534179E-01,    956,      2,   2166,  3.8632797E-04,  2.2919266E-10,0,1
  8.2583503E-01,    957,      1,   2169,  4.0244074E-04,  2.2955993E-10,0,1
  8.2632827E-01,    958,      1,   2173,  4.4320982E-04,  2.8194336E-10,0,1
  8.2682151E-01,    959,      1,   2177,  4.9185069E-04,  2.0645530E-10,0,1
  8.2731476E-01,    960,      1,   2181,  5.3400104E-04,  2.0534330E-10,0,1
  8.2731476E-01,    960,      2,   2182,  3.9899859E-04,  2.0534330E-10,0,1
  8.2780800E-01,    961,      1,   2185,  4.1021596E-04,  2.3464963E-10,0,1
  8.2830124E-01,    962,      1,   2189,  4.5270823E-04,  2.1080382E-10,0,1
  8.2879448E-01,    963,      1,   2193,  5.0455796E-04,  2.8239810E-10,0,1
  8.2879448E-01,    963,      2,   2194,  3.8621666E-04,  2.8239810E-10,0,1
  8.2928773E-01,    964,      1,   2197,  4.1445732E-04,  2.2373570E-10,0,1
  8.2978097E-01,    965,      1,   2201,  4.6099988E-04,  2.6905411E-10,0,1
  8.3027421E-01,    966,      1,   2205,  5.1231493E-04,  2.5711522E-10,0,1
  8.3027421E-01,    966,      2,   2206,  3.9075236E-04,  2.5711522E-10,0,1
  8.3076746E-01,    967,      1,   2209,  4.1670261E-04,  2.3139535E-10,0,1
  8.3126070E-01,    968,      1,   2213,  4.6309638E-04,  2.4374458E-10,0,1
  8.3175394E-01,    969,      1,   2217,  5.1508355E-04,  2.1252333E-10,0,1
  8.3175394E-01,    969,      2,   2218,  3.9384351E-04,  2.1252333E-10,0,1
  8.3224718E-01,    970,      1,   2221,  4.2022649E-04,  2.0497470E-10,0,1
  8.3274043E-01,    971,      1,   2225,  4.6653383E-04,  2.2373570E-10,0,1
  8.3323367E-01,    972,      1,   2229,  5.1844541E-04,  2.1127455E-10,0,1
  8.3323367E-01,    972,      2,   2230,  3.9692124E-04,  2.1127455E-10,0,1
  8.3372691E-01,    973,      1,   2233,  4.2290176E-04,  2.3430857E-10,0,1
  8.3422015E-01,    974,      1,   2237,  4.6906554E-04,  2.4010660E-10,0,1
  8.3471340E-01,    975,      1,   2241,  5.2117134E-04,  2.1930191E-10,0,1
  8.3471340E-01,    975,      2,   2242,  3.9963837E-04,  2.1930191E-10,0,1
  8.3520664E-01,    976,      1,   2245,  4.2560005E-04,  2.3283064E-10,0,1
  8.3569988E-01,    977,      1,   2249,  4.7182473E-04,  2.2373570E-10,0,1
  8.3619312E-01,    978,      1,   2253,  5.2419810E-04,  2.4878233E-10,0,1
  8.3619312E-01,    978,      2,   2254,  4.0265541E-04,  2.4878233E-10,0,1
  8.3668637E-01,    979,      1,   2257,  4.2854723E-04,  2.3656099E-10,0,1
  8.3717961E-01,    980,      1,   2261,  4.7472482E-04,  2.2009922E-10,0,1
  8.3767285E-01,    981,      1,   2265,  5.2980743E-04,  2.4229507E-10,0,1
  8.3767285E-01,    981,      2,   2266,  4.0574534E-04,  2.4229507E-10,0,1
  8.3816609E-01,    982,      1,   2269,  4.3142151E-04,  2.1827873E-10,0,1
  8.3865934E-01,    983,      1,   2273,  4.7742304E-04,  2.0747848E-10,0,1
  8.3915258E-01,    984,      1,   2277,  5.3521348E-04,  2.1985969E-10,0,1
  8.3915258E-01,    984,      2,   2278,  4.0865211E-04,  2.1985969E-10,0,1
  8.3964582E-01,    985,      1,   2281,  4.3408332E-04,  2.0537483E-10,0,1
  8.4013907E-01,    986,      1,   2285,  4.8139496E-04,  2.0554580E-10,0,1
  8.4063231E-01,    987,      1,   2289,  5.4039827E-04,  2.1418600E-10,0,1
  8.4063231E-01,    987,      2,   2290,  4.1143291E-04,  2.1418600E-10,0,1
  8.4112555E-01,    988,      1,   2293,  4.3664019E-04,  2.2373570E-10,0,1
  8.4161879E-01,    989,      1,   2297,  4.8584537E-04,  2.2847835E-10,0,1
  8.4211204E-01,    990,      1,   2301,  5.4543807E-04,  2.2038016E-10,0,1
  8.4211204E-01,    990,      2,   2302,  4.1416581E-04,  2.2038016E-10,0,1
  8.4260528E-01,    991,      1,   2305,  4.3912433E-04,  2.1941560E-10,0,1
  8.4309852E-01,    992,      1,   2309,  4.9016888E-04,  2.6991565E-10,0,1
  8.4359176E-01,    993,      1,   2313,  5.5029075E-04,  2.3539215E-10,0,1
  8.4359176E-01,    993,      2,   2314,  4.1681335E-04,  2.3539215E-10,0,1
  8.4408501E-01,    994,      1,   2317,  4.4148226E-04,  2.3403679E-10,0,1
  8.4457825E-01,    995,      1,   2321,  4.9431411E-04,  2.4010660E-10,0,1
  8.4507149E-01,    996,      1,   2325,  5.5491057E-04,  2.2919266E-10,0,1
  8.4507149E-01,    996,      2,   2326,  4.1933458E-04,  2.2919266E-10,0,1
  8.4556473E-01,    997,      1,   2329,  4.4369022E-04,  2.4010660E-10,0,1
  8.4605798E-01,    998,      1,   2333,  4.9826973E-04,  2.5029667E-10,0,1
  8.4655122E-01,    999,      1,   2337,  5.5929488E-04,  2.2763302E-10,0,1
  8.4655122E-01,    999,      2,   2338,  4.2173064E-04,  2.2763302E-10,0,1
  8.4704446E-01,   1000,      1,   2342,  4.2663364E-04,  2.3435121E-10,0,1
  8.4753770E-01,   1001,      1,   2346,  4.8874705E-04,  2.3464963E-10,0,1
  8.4803095E-01,   1002,      1,   2350,  5.5855506E-04,  2.3900881E-10,0,1
  8.4803095E-01,   1002,      2,   2351,  4.1733129E-04,  2.3900881E-10,0,1
  8.4852419E-01,   1003,      1,   2354,  4.5032339E-04,  2.3106139E-10,0,1
  8.4901743E-01,   1004,      1,   2358,  5.1004202E-04,  2.4669333E-10,0,1
  8.4901743E-01,   1004,      2,   2359,  3.9622258E-04,  2.4669333E-10,0,1
  8.4951068E-01,   1005,      1,   2363,  4.1871075E-04,  2.4775559E-10,0,1
  8.5000392E-01,   1006,      1,   2367,  4.9154522E-04,  2.2064472E-10,0,1
  8.5049716E-01,   1007,      1,   2371,  5.6614439E-04,  2.1809754E-10,0,1
  8.5049716E-01,   1007,      2,   2372,  4.2031931E-04,  2.1809754E-10,0,1
  8.5099040E-01,   1008,      1,   2376,  4.3619043E-04,  2.3211300E-10,0,1
  8.5148365E-01,   1009,      1,   2380,  5.0304483E-04,  2.1992363E-10,0,1
  8.5148365E-01,   1009,      2,   2381,  3.8963179E-04,  2.1992363E-10,0,1
  8.5197689E-01,   1010,      1,   2385,  4.2395411E-04,  2.6921043E-10,0,1
  8.5247013E-01,   1011,      1,   2389,  5.0183046E-04,  2.2373570E-10,0,1
  8.5247013E-01,   1011,      2,   2390,  3.8474590E-04,  2.2373570E-10,0,1
  8.5296337E-01,   1012,      1,   2394,  4.2533379E-04,  2.5465852E-10,0,1
  8.5345662E-01,   1013,      1,   2398,  5.0490192E-04,  2.2782842E-10,0,1
  8.5345662E-01,   1013,      2,   2399,  3.8547359E-04,  2.2782842E-10,0,1
  8.5394986E-01,   1014,      1,   2403,  4.2772684E-04,  2.3055691E-10,0,1
  8.5444310E-01,   1015,      1,   2407,  5.0799166E-04,  2.6632563E-10,0,1
  8.5444310E-01,   1015,      2,   2408,  3.8830173E-04,  2.6632563E-10,0,1
  8.5493634E-01,   1016,      1,   2412,  4.3086059E-04,  2.1464075E-10,0,1
  8.5542959E-01,   1017,      1,   2416,  5.1066088E-04,  2.2555469E-10,0,1
  8.5542959E-01,   1017,      2,   2417,  3.9039685E-04,  2.2555469E-10,0,1
  8.5592283E-01,   1018,      1,   2421,  4.3245760E-04,  2.4269298E-10,0,1
  8.5641607E-01,   1019,      1,   2425,  5.1145159E-04,  2.1607272E-10,0,1
  8.5641607E-01,   1019,      2,   2426,  3.9147950E-04,  2.1607272E-10,0,1
  8.5690931E-01,   1020,      1,   2430,  4.3282704E-04,  2.4557067E-10,0,1
  8.5740256E-01,   1021,      1,   2434,  5.1156955E-04,  2.0853363E-10,0,1
  8.5740256E-01,   1021,      2,   2435,  3.9204131E-04,  2.0853363E-10,0,1
  8.5789580E-01,   1022,      1,   2439,  4.3331639E-04,  2.3535307E-10,0,1
  8.5838904E-01,   1023,      1,   2443,  5.1224567E-04,  2.5241675E-10,0,1
  8.5838904E-01,   1023,      2,   2444,  3.9311556E-04,  2.5241675E-10,0,1
  8.5888229E-01,   1024,      1,   2448,  4.3444775E-04,  2.3283064E-10,0,1
  8.5937553E-01,   1025,      1,   2452,  5.1348939E-04,  2.3965185E-10,0,1
  8.5937553E-01,   1025,      2,   2453,  3.9470218E-04,  2.3965185E-10,0,1
  8.5986877E-01,   1026,      1,   2457,  4.3583542E-04,  2.2407676E-10,0,1
  8.6036201E-01,   1027,      1,   2461,  5.1471309E-04,  2.2196112E-10,0,1
  8.6036201E-01,   1027,      2,   2462,  3.9630666E-04,  2.2196112E-10,0,1
  8.6085526E-01,   1028,      1,   2466,  4.3701921E-04,  2.5102054E-10,0,1
  8.6134850E-01,   1029,      1,   2470,  5.1558042E-04,  2.3828761E-10,0,1
  8.6134850E-01,   1029,      2,   2471,  3.9764453E-04,  2.3828761E-10,0,1
  8.6184174E-01,   1030,      1,   2475,  4.3790841E-04,  2.5465852E-10,0,1
  8.6233498E-01,   1031,      1,   2479,  5.1616150E-04,  2.5102054E-10,0,1
  8.6233498E-01,   1031,      2,   2480,  3.9877456E-04,  2.5102054E-10,0,1
  8.6282823E-01,   1032,      1,   2484,  4.3865545E-04,  2.2555469E-10,0,1
  8.6332147E-01,   1033,      1,   2488,  5.1664249E-04,  2.6375346E-10,0,1
  8.6332147E-01,   1033,      2,   2489,  3.9985416E-04,  2.6375346E-10,0,1
  8.6381471E-01,   1034,      1,   2493,  4.3938269E-04,  2.6170710E-10,0,1
  8.6430795E-01,   1035,      1,   2497,  5.1709147E-04,  2.3976199E-10,0,1
  8.6430795E-01,   1035,      2,   2498,  4.0094135E-04,  2.3976199E-10,0,1
  8.6480120E-01,   1036,      1,   2502,  4.4008619E-04,  2.4556357E-10,0,1
  8.6529444E-01,   1037,      1,   2506,  5.1745864E-04,  2.1680613E-10,0,1
  8.6529444E-01,   1037,      2,   2507,  4.0199436E-04,  2.1680613E-10,0,1
  8.6578768E-01,   1038,      1,   2511,  4.4070569E-04,  2.1031887E-10,0,1
  8.6628092E-01,   1039,      1,   2515,  5.1768266E-04,  2.3464963E-10,0,1
  8.6628092E-01,   1039,      2,   2516,  4.0296117E-04,  2.3464963E-10,0,1
  8.6677417E-01,   1040,      1,   2520,  4.4120703E-04,  2.2645708E-10,0,1
  8.6726741E-01,   1041,      1,   2524,  5.1981121E-04,  2.0872903E-10,0,1
  8.6726741E-01,   1041,      2,   2525,  4.0382922E-04,  2.0872903E-10,0,1
  8.6776065E-01,   1042,      1,   2529,  4.4159622E-04,  2.3617375E-10,0,1
  8.6825389E-01,   1043,      1,   2533,  5.2179915E-04,  2.3828761E-10,0,1
  8.6825389E-01,   1043,      2,   2534,  4.0461257E-04,  2.3828761E-10,0,1
  8.6874714E-01,   1044,      1,   2538,  4.4189000E-04,  2.3494229E-10,0,1
  8.6924038E-01,   1045,      1,   2542,  5.2364861E-04,  2.2058888E-10,0,1
  8.6924038E-01,   1045,      2,   2543,  4.0532255E-04,  2.2058888E-10,0,1
  8.6973362E-01,   1046,      1,   2547,  4.4209361E-04,  2.6641445E-10,0,1
  8.7022687E-01,   1047,      1,   2551,  5.2535710E-04,  2.2555469E-10,0,1
  8.7022687E-01,   1047,      2,   2552,  4.0595761E-04,  2.2555469E-10,0,1
  8.7072011E-01,   1048,      1,   2556,  4.4220184E-04,  2.4192559E-10,0,1
  8.7121335E-01,   1049,      1,   2560,  5.2691743E-04,  2.1736923E-10,0,1
  8.7121335E-01,   1049,      2,   2561,  4.0651106E-04,  2.1736923E-10,0,1
  8.7170659E-01,   1050,      1,   2565,  4.4220964E-04,  2.4010660E-10,0,1
  8.7219984E-01,   1051,      1,   2569,  5.2832579E-04,  2.5647751E-10,0,1
  8.7219984E-01,   1051,      2,   2570,  4.0697961E-04,  2.5647751E-10,0,1
  8.7269308E-01,   1052,      1,   2574,  4.4211698E-04,  2.4851943E-10,0,1
  8.7318632E-01,   1053,      1,   2578,  5.2958248E-04,  2.7284841E-10,0,1
  8.7318632E-01,   1053,      2,   2579,  4.0736427E-04,  2.7284841E-10,0,1
  8.7367956E-01,   1054,      1,   2583,  4.4192649E-04,  2.8324276E-10,0,1
  8.7417281E-01,   1055,      1,   2587,  5.3068865E-04,  2.6011548E-10,0,1
  8.7417281E-01,   1055,      2,   2588,  4.0766678E-04,  2.6011548E-10,0,1
  8.7466605E-01,   1056,      1,   2592,  4.4254178E-04,  2.5490898E-10,0,1
  8.7515929E-01,   1057,      1,   2596,  5.3164421E-04,  2.6557245E-10,0,1
  8.7515929E-01,   1057,      2,   2597,  4.0788735E-04,  2.6557245E-10,0,1
  8.7565253E-01,   1058,      1,   2601,  4.4347369E-04,  2.6750513E-10,0,1
  8.7614578E-01,   1059,      1,   2605,  5.3244850E-04,  2.3283064E-10,0,1
  8.7614578E-01,   1059,      2,   2606,  4.0802517E-04,  2.3283064E-10,0,1
  8.7663902E-01,   1060,      1,   2610,  4.4429916E-04,  2.4192559E-10,0,1
  8.7713226E-01,   1061,      1,   2614,  5.3310172E-04,  2.3646862E-10,0,1
  8.7713226E-01,   1061,      2,   2615,  4.0807986E-04,  2.3646862E-10,0,1
  8.7762550E-01,   1062,      1,   2619,  4.4501832E-04,  2.3624125E-10,0,1
  8.7811875E-01,   1063,      1,   2623,  5.3360535E-04,  2.1827873E-10,0,1
  8.7811875E-01,   1063,      2,   2624,  4.0805203E-04,  2.1827873E-10,0,1
  8.7861199E-01,   1064,      1,   2628,  4.4563213E-04,  2.4010660E-10,0,1
  8.7910523E-01,   1065,      1,   2632,  5.3396159E-04,  2.3555913E-10,0,1
  8.7910523E-01,   1065,      2,   2633,  4.0794284E-04,  2.3555913E-10,0,1
  8.7959848E-01,   1066,      1,   2637,  4.4614175E-04,  2.3421265E-10,0,1
  8.8009172E-01,   1067,      1,   2641,  5.3417259E-04,  2.4283625E-10,0,1
  8.8009172E-01,   1067,      2,   2642,  4.0775340E-04,  2.4283625E-10,0,1
  8.8058496E-01,   1068,      1,   2646,  4.4654802E-04,  2.4010660E-10,0,1
  8.8107820E-01,   1069,      1,   2650,  5.3424007E-04,  2.3283064E-10,0,1
  8.8107820E-01,   1069,      2,   2651,  4.0748451E-04,  2.3283064E-10,0,1
  8.8157145E-01,   1070,      1,   2655,  4.4685151E-04,  2.2009772E-10,0,1
  8.8206469E-01,   1071,      1,   2659,  5.3416545E-04,  2.3707081E-10,0,1
  8.8206469E-01,   1071,      2,   2660,  4.0713683E-04,  2.3707081E-10,0,1
  8.8255793E-01,   1072,      1,   2664,  4.4705265E-04,  2.2009772E-10,0,1
  8.8305117E-01,   1073,      1,   2668,  5.3395000E-04,  2.3646862E-10,0,1
  8.8305117E-01,   1073,      2,   2669,  4.0671109E-04,  2.3646862E-10,0,1
  8.8354442E-01,   1074,      1,   2673,  4.4715190E-04,  2.8376235E-10,0,1
  8.8403766E-01,   1075,      1,   2677,  5.3359494E-04,  2.4694824E-10,0,1
  8.8403766E-01,   1075,      2,   2678,  4.0620814E-04,  2.4694824E-10,0,1
  8.8453090E-01,   1076,      1,   2682,  4.4714986E-04,  2.3101165E-10,0,1
  8.8502414E-01,   1077,      1,   2686,  5.3310149E-04,  2.1827873E-10,0,1
  8.8502414E-01,   1077,      2,   2687,  4.0562895E-04,  2.1827873E-10,0,1
  8.8551739E-01,   1078,      1,   2691,  4.4704718E-04,  2.5195135E-10,0,1
  8.8601063E-01,   1079,      1,   2695,  5.3247085E-04,  2.7102942E-10,0,1
  8.8601063E-01,   1079,      2,   2696,  4.0497450E-04,  2.7102942E-10,0,1
  8.8650387E-01,   1080,      1,   2700,  4.4684455E-04,  2.4738256E-10,0,1
  8.8699711E-01,   1081,      1,   2704,  5.3170421E-04,  2.4101610E-10,0,1
  8.8699711E-01,   1081,      2,   2705,  4.0424578E-04,  2.4101610E-10,0,1
  8.8749036E-01,   1082,      1,   2709,  4.4654265E-04,  2.3866153E-10,0,1
  8.8798360E-01,   1083,      1,   2713,  5.3080282E-04,  2.3391067E-10,0,1
  8.8798360E-01,   1083,      2,   2714,  4.0344370E-04,  2.3391067E-10,0,1
  8.8847684E-01,   1084,      1,   2718,  4.4614216E-04,  2.8740033E-10,0,1
  8.8897009E-01,   1085,      1,   2722,  5.2976798E-04,  2.2250468E-10,0,1
  8.8897009E-01,   1085,      2,   2723,  4.0256914E-04,  2.2250468E-10,0,1
  8.8946333E-01,   1086,      1,   2727,  4.4564369E-04,  2.5102054E-10,0,1
  8.8995657E-01,   1087,      1,   2731,  5.2860107E-04,  2.1464075E-10,0,1
  8.8995657E-01,   1087,      2,   2732,  4.0208698E-04,  2.1464075E-10,0,1
  8.9044981E-01,   1088,      1,   2736,  4.4504783E-04,  2.4829205E-10,0,1
  8.9094306E-01,   1089,      1,   2740,  5.2730353E-04,  2.4756375E-10,0,1
  8.9094306E-01,   1089,      2,   2741,  4.0204056E-04,  2.4756375E-10,0,1
  8.9143630E-01,   1090,      1,   2745,  4.4435504E-04,  2.1555024E-10,0,1
  8.9192954E-01,   1091,      1,   2749,  5.2587676E-04,  2.2555469E-10,0,1
  8.9192954E-01,   1091,      2,   2750,  4.0191396E-04,  2.2555469E-10,0,1
  8.9242278E-01,   1092,      1,   2754,  4.4356573E-04,  2.3101165E-10,0,1
  8.9291603E-01,   1093,      1,   2758,  5.2474450E-04,  2.3998936E-10,0,1
  8.9291603E-01,   1093,      2,   2759,  4.0170656E-04,  2.3998936E-10,0,1
  8.9340927E-01,   1094,      1,   2763,  4.4268019E-04,  2.4192559E-10,0,1
  8.9390251E-01,   1095,      1,   2767,  5.2571528E-04,  2.2393198E-10,0,1
  8.9390251E-01,   1095,      2,   2768,  4.0141768E-04,  2.2393198E-10,0,1
  8.9439575E-01,   1096,      1,   2772,  4.4169860E-04,  2.7858960E-10,0,1
  8.9488900E-01,   1097,      1,   2776,  5.2651767E-04,  2.7284841E-10,0,1
  8.9488900E-01,   1097,      2,   2777,  4.0104666E-04,  2.7284841E-10,0,1
  8.9538224E-01,   1098,      1,   2781,  4.4062108E-04,  2.4579094E-10,0,1
  8.9587548E-01,   1099,      1,   2785,  5.2714840E-04,  2.3965185E-10,0,1
  8.9587548E-01,   1099,      2,   2786,  4.0059295E-04,  2.3965185E-10,0,1
  8.9636872E-01,   1100,      1,   2790,  4.3944774E-04,  2.4192559E-10,0,1
  8.9686197E-01,   1101,      1,   2794,  5.2760443E-04,  2.3737812E-10,0,1
  8.9686197E-01,   1101,      2,   2795,  4.0005624E-04,  2.3737812E-10,0,1
  8.9735521E-01,   1102,      1,   2799,  4.3817875E-04,  2.9649527E-10,0,1
  8.9784845E-01,   1103,      1,   2803,  5.2788327E-04,  2.5465852E-10,0,1
  8.9784845E-01,   1103,      2,   2804,  3.9943643E-04,  2.5465852E-10,0,1
  8.9834169E-01,   1104,      1,   2808,  4.3681443E-04,  2.8376235E-10,0,1
  8.9883494E-01,   1105,      1,   2812,  5.2798321E-04,  2.9103830E-10,0,1
  8.9883494E-01,   1105,      2,   2813,  3.9873366E-04,  2.9103830E-10,0,1
  8.9932818E-01,   1106,      1,   2817,  4.3535530E-04,  2.4385116E-10,0,1
  8.9982142E-01,   1107,      1,   2821,  5.2790350E-04,  3.1973002E-10,0,1
  8.9982142E-01,   1107,      2,   2822,  3.9794832E-04,  3.1973002E-10,0,1
  9.0031467E-01,   1108,      1,   2826,  4.3380211E-04,  2.2737368E-10,0,1
  9.0080791E-01,   1109,      1,   2830,  5.2764433E-04,  2.5556801E-10,0,1
  9.0080791E-01,   1109,      2,   2831,  3.9708091E-04,  2.5556801E-10,0,1
  9.0130115E-01,   1110,      1,   2835,  4.3264758E-04,  2.4374458E-10,0,1
  9.0179439E-01,   1111,      1,   2839,  5.2720669E-04,  2.4283509E-10,0,1
  9.0179439E-01,   1111,      2,   2840,  3.9613202E-04,  2.4283509E-10,0,1
  9.0228764E-01,   1112,      1,   2844,  4.3240382E-04,  2.7466740E-10,0,1
  9.0278088E-01,   1113,      1,   2848,  5.2659218E-04,  2.4017233E-10,0,1
  9.0278088E-01,   1113,      2,   2849,  3.9510233E-04,  2.4017233E-10,0,1
  9.0327412E-01,   1114,      1,   2853,  4.3203831E-04,  2.3938540E-10,0,1
  9.0376736E-01,   1115,      1,   2857,  5.2580277E-04,  2.2919266E-10,0,1
  9.0376736E-01,   1115,      2,   2858,  3.9399258E-04,  2.2919266E-10,0,1
  9.0426061E-01,   1116,      1,   2862,  4.3155162E-04,  2.5465852E-10,0,1
  9.0470444E-01,   1117,      1,   2867,  4.7256415E-04,  2.5465852E-10,0,1
  9.0514827E-01,   1118,      1,   2871,  5.2197775E-04,  3.1286618E-10,0,1
  9.0514827E-01,   1118,      2,   2872,  3.8221856E-04,  3.1286618E-10,0,1
  9.0559210E-01,   1119,      1,   2875,  3.9098265E-04,  2.5829650E-10,0,1
  9.0603593E-01,   1120,      1,   2879,  4.4082086E-04,  2.4169822E-10,0,1
  9.0647976E-01,   1121,      1,   2883,  4.9700382E-04,  2.2581093E-10,0,1
  9.0692359E-01,   1122,      1,   2887,  5.3988376E-04,  3.0740921E-10,0,1
  9.0692359E-01,   1122,      2,   2888,  3.9096957E-04,  3.0740921E-10,0,1
  9.0736743E-01,   1123,      1,   2891,  3.9115320E-04,  2.5374902E-10,0,1
  9.0781126E-01,   1124,      1,   2894,  4.6016065E-04,  3.3105607E-10,0,1
  9.0825509E-01,   1125,      1,   2898,  5.0645298E-04,  3.4197001E-10,0,1
  9.0825509E-01,   1125,      2,   2899,  3.7817931E-04,  3.4197001E-10,0,1
  9.0869892E-01,   1126,      1,   2902,  3.8299580E-04,  2.3167779E-10,0,1
  9.0914275E-01,   1127,      1,   2906,  4.3194265E-04,  2.5102054E-10,0,1
  9.0958658E-01,   1128,      1,   2910,  4.8588731E-04,  2.5750069E-10,0,1
  9.1003041E-01,   1129,      1,   2914,  5.2835234E-04,  2.4920155E-10,0,1
  9.1003041E-01,   1129,      2,   2915,  3.8557202E-04,  2.4920155E-10,0,1
  9.1047425E-01,   1130,      1,   2918,  3.8812800E-04,  3.3378456E-10,0,1
  9.1091808E-01,   1131,      1,   2921,  4.5441357E-04,  3.0559022E-10,0,1
  9.1136191E-01,   1132,      1,   2925,  4.9958737E-04,  2.3283064E-10,0,1
  9.1180574E-01,   1133,      1,   2929,  5.3162714E-04,  2.4363089E-10,0,1
  9.1180574E-01,   1133,      2,   2930,  3.9542819E-04,  2.4363089E-10,0,1
  9.1224957E-01,   1134,      1,   2933,  3.8879141E-04,  2.8740033E-10,0,1
  9.1269340E-01,   1135,      1,   2936,  4.4617129E-04,  3.0991032E-10,0,1
  9.1313723E-01,   1136,      1,   2940,  4.9046385E-04,  3.3105607E-10,0,1
  9.1358107E-01,   1137,      1,   2944,  5.2314097E-04,  4.4929038E-10,0,1
  9.1358107E-01,   1137,      2,   2945,  3.9290605E-04,  4.4929038E-10,0,1
  9.1402490E-01,   1138,      1,   2948,  3.8701221E-04,  2.9103830E-10,0,1
  9.1446873E-01,   1139,      1,   2951,  4.4221304E-04,  2.6557245E-10,0,1
  9.1491256E-01,   1140,      1,   2955,  4.8547979E-04,  2.7648639E-10,0,1
  9.1535639E-01,   1141,      1,   2959,  5.1752270E-04,  2.9103830E-10,0,1
  9.1535639E-01,   1141,      2,   2960,  3.9193228E-04,  2.9103830E-10,0,1
  9.1580022E-01,   1142,      1,   2963,  3.8611368E-04,  2.6011548E-10,0,1
  9.1624405E-01,   1143,      1,   2966,  4.4134375E-04,  3.0195224E-10,0,1
  9.1668789E-01,   1144,      1,   2970,  4.8181438E-04,  2.5647751E-10,0,1
  9.1713172E-01,   1145,      1,   2974,  5.1289300E-04,  2.5102054E-10,0,1
  9.1713172E-01,   1145,      2,   2975,  3.9305219E-04,  2.5102054E-10,0,1
  9.1757555E-01,   1146,      1,   2978,  3.8678841E-04,  2.7466740E-10,0,1
  9.1801938E-01,   1147,      1,   2981,  4.4250915E-04,  2.7648639E-10,0,1
  9.1846321E-01,   1148,      1,   2985,  4.8244783E-04,  2.4374458E-10,0,1
  9.1890704E-01,   1149,      1,   2989,  5.1316522E-04,  2.4788704E-10,0,1
  9.1890704E-01,   1149,      2,   2990,  3.9311599E-04,  2.4788704E-10,0,1
  9.1935087E-01,   1150,      1,   2993,  3.8616470E-04,  2.4581581E-10,0,1
  9.1979470E-01,   1151,      1,   2996,  4.4268231E-04,  3.2101255E-10,0,1
  9.2023854E-01,   1152,      1,   3000,  4.8233850E-04,  2.3101165E-10,0,1
  9.2068237E-01,   1153,      1,   3004,  5.1308631E-04,  2.5829650E-10,0,1
  9.2068237E-01,   1153,      2,   3005,  3.9289044E-04,  2.5829650E-10,0,1
  9.2112620E-01,   1154,      1,   3008,  3.8606390E-04,  2.5647751E-10,0,1
  9.2157003E-01,   1155,      1,   3011,  4.4311836E-04,  3.3105607E-10,0,1
  9.2201386E-01,   1156,      1,   3015,  4.8251497E-04,  2.7648639E-10,0,1
  9.2245769E-01,   1157,      1,   3019,  5.1320440E-04,  2.3283064E-10,0,1
  9.2245769E-01,   1157,      2,   3020,  3.9299195E-04,  2.3283064E-10,0,1
  9.2290152E-01,   1158,      1,   3023,  3.8700366E-04,  3.0377123E-10,0,1
  9.2334536E-01,   1159,      1,   3026,  4.4339632E-04,  3.0195224E-10,0,1
  9.2378919E-01,   1160,      1,   3030,  4.8239684E-04,  2.5912605E-10,0,1
  9.2423302E-01,   1161,      1,   3034,  5.1295501E-04,  3.4924597E-10,0,1
  9.2423302E-01,   1161,      2,   3035,  3.9279456E-04,  3.4924597E-10,0,1
  9.2467685E-01,   1162,      1,   3038,  3.8769014E-04,  2.5102054E-10,0,1
  9.2512068E-01,   1163,      1,   3041,  4.4340927E-04,  2.6193447E-10,0,1
  9.2556451E-01,   1164,      1,   3045,  4.8203397E-04,  3.4197001E-10,0,1
  9.2600834E-01,   1165,      1,   3049,  5.1249129E-04,  2.6557245E-10,0,1
  9.2600834E-01,   1165,      2,   3050,  3.9245564E-04,  2.6557245E-10,0,1
  9.2645218E-01,   1166,      1,   3053,  3.8829500E-04,  2.5465852E-10,0,1
  9.2689601E-01,   1167,      1,   3056,  4.4333151E-04,  2.6739144E-10,0,1
  9.2733984E-01,   1168,      1,   3060,  4.8156127E-04,  2.6557245E-10,0,1
  9.2778367E-01,   1169,      1,   3064,  5.1188686E-04,  2.6694025E-10,0,1
  9.2778367E-01,   1169,      2,   3065,  3.9206600E-04,  2.6694025E-10,0,1
  9.2822750E-01,   1170,      1,   3068,  3.8880635E-04,  2.7557689E-10,0,1
  9.2867133E-01,   1171,      1,   3071,  4.4309021E-04,  4.6202331E-10,0,1
  9.2911516E-01,   1172,      1,   3075,  4.8087236E-04,  2.5465852E-10,0,1
  9.2955900E-01,   1173,      1,   3079,  5.1102966E-04,  2.9081093E-10,0,1
  9.2955900E-01,   1173,      2,   3080,  3.9150422E-04,  2.9081093E-10,0,1
  9.3000283E-01,   1174,      1,   3083,  3.8914849E-04,  2.7648639E-10,0,1
  9.3044666E-01,   1175,      1,   3086,  4.4263826E-04,  3.0195224E-10,0,1
  9.3089049E-01,   1176,      1,   3090,  4.7994910E-04,  2.8012437E-10,0,1
  9.3133432E-01,   1177,      1,   3094,  5.0992472E-04,  2.7466740E-10,0,1
  9.3133432E-01,   1177,      2,   3095,  3.9077918E-04,  2.7466740E-10,0,1
  9.3177815E-01,   1178,      1,   3098,  3.8933964E-04,  4.4929038E-10,0,1
  9.3222198E-01,   1179,      1,   3101,  4.4200022E-04,  4.3928594E-10,0,1
  9.3266581E-01,   1180,      1,   3105,  4.8222978E-04,  2.4908786E-10,0,1
  9.3310965E-01,   1181,      1,   3109,  5.1296224E-04,  2.6921043E-10,0,1
  9.3310965E-01,   1181,      2,   3110,  3.8990773E-04,  2.6921043E-10,0,1
  9.3355348E-01,   1182,      1,   3113,  3.8937768E-04,  4.2746251E-10,0,1
  9.3399731E-01,   1183,      1,   3116,  4.4115935E-04,  3.1650416E-10,0,1
  9.3444114E-01,   1184,      1,   3120,  4.8496365E-04,  2.5283953E-10,0,1
  9.3488497E-01,   1185,      1,   3124,  5.1594400E-04,  2.8012437E-10,0,1
  9.3488497E-01,   1185,      2,   3125,  3.8903894E-04,  2.8012437E-10,0,1
  9.3532880E-01,   1186,      1,   3128,  3.8923787E-04,  2.8558134E-10,0,1
  9.3577263E-01,   1187,      1,   3131,  4.4113724E-04,  2.8012437E-10,0,1
  9.3621647E-01,   1188,      1,   3135,  4.8742136E-04,  2.7205260E-10,0,1
  9.3666030E-01,   1189,      1,   3139,  5.1862152E-04,  3.0104275E-10,0,1
  9.3666030E-01,   1189,      2,   3140,  3.8924736E-04,  3.0104275E-10,0,1
  9.3710413E-01,   1190,      1,   3143,  3.8890620E-04,  2.7648639E-10,0,1
  9.3754796E-01,   1191,      1,   3146,  4.4312008E-04,  2.8376235E-10,0,1
  9.3799179E-01,   1192,      1,   3150,  4.8958275E-04,  3.0286174E-10,0,1
  9.3843562E-01,   1193,      1,   3154,  5.2097358E-04,  2.4152058E-10,0,1
  9.3843562E-01,   1193,      2,   3155,  3.8926396E-04,  2.4152058E-10,0,1
  9.3887945E-01,   1194,      1,   3158,  3.8837172E-04,  3.1832315E-10,0,1
  9.3932329E-01,   1195,      1,   3161,  4.4483732E-04,  3.0195224E-10,0,1
  9.3976712E-01,   1196,      1,   3165,  4.9142716E-04,  2.9740477E-10,0,1
  9.4021095E-01,   1197,      1,   3169,  5.2297660E-04,  3.2014214E-10,0,1
  9.4021095E-01,   1197,      2,   3170,  3.8907501E-04,  3.2014214E-10,0,1
  9.4065478E-01,   1198,      1,   3173,  3.8762219E-04,  2.9649527E-10,0,1
  9.4109861E-01,   1199,      1,   3176,  4.4626800E-04,  2.8376235E-10,0,1
  9.4154244E-01,   1200,      1,   3180,  4.9292937E-04,  3.0559022E-10,0,1
  9.4198627E-01,   1201,      1,   3184,  5.2460145E-04,  2.9467628E-10,0,1
  9.4198627E-01,   1201,      2,   3185,  3.8866536E-04,  2.9467628E-10,0,1
  9.4243011E-01,   1202,      1,   3188,  3.8664317E-04,  3.6743586E-10,0,1
  9.4287394E-01,   1203,      1,   3191,  4.4738705E-04,  3.5834091E-10,0,1
  9.4331777E-01,   1204,      1,   3195,  4.9406001E-04,  3.4197001E-10,0,1
  9.4376160E-01,   1205,      1,   3199,  5.2581580E-04,  2.9649527E-10,0,1
  9.4376160E-01,   1205,      2,   3200,  3.8801826E-04,  2.9649527E-10,0,1
  9.4420543E-01,   1206,      1,   3203,  3.8541862E-04,  3.3469405E-10,0,1
  9.4464926E-01,   1207,      1,   3206,  4.4817025E-04,  2.5102054E-10,0,1
  9.4509309E-01,   1208,      1,   3210,  4.9479222E-04,  3.3105607E-10,0,1
  9.4553692E-01,   1209,      1,   3214,  5.2659157E-04,  2.9467628E-10,0,1
  9.4553692E-01,   1209,      2,   3215,  3.8711872E-04,  2.9467628E-10,0,1
  9.4598076E-01,   1210,      1,   3218,  3.8393538E-04,  4.0381565E-10,0,1
  9.4642459E-01,   1211,      1,   3221,  4.4859863E-04,  2.9285729E-10,0,1
  9.4686842E-01,   1212,      1,   3225,  4.9510524E-04,  3.4924597E-10,0,1
  9.4731225E-01,   1213,      1,   3229,  5.2690656E-04,  2.9831426E-10,0,1
  9.4731225E-01,   1213,      2,   3230,  3.8595490E-04,  2.9831426E-10,0,1
  9.4775608E-01,   1214,      1,   3233,  3.8218381E-04,  2.7191049E-10,0,1
  9.4819991E-01,   1215,      1,   3236,  4.4865524E-04,  3.6743586E-10,0,1
  9.4864374E-01,   1216,      1,   3240,  4.9497973E-04,  3.4378900E-10,0,1
  9.4908758E-01,   1217,      1,   3244,  5.2673854E-04,  5.6024874E-10,0,1
  9.4908758E-01,   1217,      2,   3245,  3.8451523E-04,  5.6024874E-10,0,1
  9.4953141E-01,   1218,      1,   3248,  3.8015489E-04,  4.0017767E-10,0,1
  9.4997524E-01,   1219,      1,   3251,  4.4832053E-04,  3.3833203E-10,0,1
  9.5041907E-01,   1220,      1,   3255,  4.9439313E-04,  2.7284841E-10,0,1
  9.5086290E-01,   1221,      1,   3259,  5.2606148E-04,  2.8376235E-10,0,1
  9.5086290E-01,   1221,      2,   3260,  3.8278719E-04,  2.8376235E-10,0,1
  9.5130673E-01,   1222,      1,   3263,  3.7823983E-04,  3.8198777E-10,0,1
  9.5175056E-01,   1223,      1,   3266,  4.4757283E-04,  2.6375346E-10,0,1
  9.5219440E-01,   1224,      1,   3270,  4.9332094E-04,  2.6193447E-10,0,1
  9.5263823E-01,   1225,      1,   3274,  5.2484838E-04,  2.9194780E-10,0,1
  9.5263823E-01,   1225,      2,   3275,  3.8075923E-04,  2.9194780E-10,0,1
  9.5308206E-01,   1226,      1,   3278,  3.7758580E-04,  4.0563464E-10,0,1
  9.5352589E-01,   1227,      1,   3281,  4.4639264E-04,  4.1109161E-10,0,1
  9.5396972E-01,   1228,      1,   3285,  4.9174167E-04,  2.8467184E-10,0,1
  9.5441355E-01,   1229,      1,   3289,  5.2307663E-04,  3.3469405E-10,0,1
  9.5441355E-01,   1229,      2,   3290,  3.7842271E-04,  3.3469405E-10,0,1
  9.5485738E-01,   1230,      1,   3293,  3.7660001E-04,  3.4833647E-10,0,1
  9.5530122E-01,   1231,      1,   3296,  4.4476572E-04,  2.9103830E-10,0,1
  9.5574505E-01,   1232,      1,   3300,  4.8964010E-04,  3.7516656E-10,0,1
  9.5618888E-01,   1233,      1,   3304,  5.2073066E-04,  2.7011993E-10,0,1
  9.5618888E-01,   1233,      2,   3305,  3.7577214E-04,  2.7011993E-10,0,1
  9.5663271E-01,   1234,      1,   3308,  3.7527350E-04,  4.0927262E-10,0,1
  9.5707654E-01,   1235,      1,   3311,  4.4268251E-04,  4.0017767E-10,0,1
  9.5752037E-01,   1236,      1,   3315,  4.8700658E-04,  3.5288394E-10,0,1
  9.5796420E-01,   1237,      1,   3319,  5.1780022E-04,  2.7830538E-10,0,1
  9.5796420E-01,   1237,      2,   3320,  3.7280438E-04,  2.7830538E-10,0,1
  9.5840803E-01,   1238,      1,   3323,  3.7359842E-04,  2.5647751E-10,0,1
  9.5885187E-01,   1239,      1,   3326,  4.4013574E-04,  2.8467184E-10,0,1
  9.5929570E-01,   1240,      1,   3330,  4.8383413E-04,  4.4974513E-10,0,1
  9.5973953E-01,   1241,      1,   3334,  5.1427728E-04,  2.4067504E-10,0,1
  9.5973953E-01,   1241,      2,   3335,  3.6951796E-04,  2.4067504E-10,0,1
  9.6018336E-01,   1242,      1,   3338,  3.7156760E-04,  3.0377123E-10,0,1
  9.6062719E-01,   1243,      1,   3341,  4.3711920E-04,  3.3651304E-10,0,1
  9.6107102E-01,   1244,      1,   3345,  4.8011703E-04,  4.1472958E-10,0,1
  9.6151485E-01,   1245,      1,   3349,  5.1015531E-04,  2.8740033E-10,0,1
  9.6151485E-01,   1245,      2,   3350,  3.6591334E-04,  2.8740033E-10,0,1
  9.6195869E-01,   1246,      1,   3353,  3.6917596E-04,  2.6739144E-10,0,1
  9.6240252E-01,   1247,      1,   3356,  4.3362910E-04,  3.6379788E-10,0,1
  9.6284635E-01,   1248,      1,   3360,  4.7585252E-04,  4.2746251E-10,0,1
  9.6329018E-01,   1249,      1,   3364,  5.0543183E-04,  2.9262992E-10,0,1
  9.6329018E-01,   1249,      2,   3365,  3.6199373E-04,  2.9262992E-10,0,1
  9.6373401E-01,   1250,      1,   3368,  3.6642202E-04,  2.7466740E-10,0,1
  9.6417784E-01,   1251,      1,   3371,  4.2966643E-04,  3.1286618E-10,0,1
  9.6462167E-01,   1252,      1,   3375,  4.7104363E-04,  3.6379788E-10,0,1
  9.6506551E-01,   1253,      1,   3379,  5.0011119E-04,  3.7340442E-10,0,1
  9.6506551E-01,   1253,      2,   3380,  3.5776564E-04,  3.7340442E-10,0,1
  9.6550934E-01,   1254,      1,   3383,  3.6330816E-04,  3.1684522E-10,0,1
  9.6595317E-01,   1255,      1,   3386,  4.2523778E-04,  2.8921932E-10,0,1
  9.6639700E-01,   1256,      1,   3390,  4.6570007E-04,  3.3105607E-10,0,1
  9.6684083E-01,   1257,      1,   3393,  5.1509371E-04,  3.0927083E-10,0,1
  9.6684083E-01,   1257,      2,   3394,  3.6471132E-04,  3.0927083E-10,0,1
  9.6728466E-01,   1258,      1,   3397,  3.6517249E-04,  3.2196112E-10,0,1
  9.6772849E-01,   1259,      1,   3400,  4.1769046E-04,  2.8740033E-10,0,1
  9.6817233E-01,   1260,      1,   3404,  4.5132473E-04,  3.2014214E-10,0,1
  9.6861616E-01,   1261,      1,   3407,  4.9746078E-04,  3.3105607E-10,0,1
  9.6905999E-01,   1262,      1,   3411,  5.0723460E-04,  2.7375791E-10,0,1
  9.6905999E-01,   1262,      2,   3412,  3.6049383E-04,  2.7375791E-10,0,1
  9.6950382E-01,   1263,      1,   3414,  3.7187269E-04,  3.3833203E-10,0,1
  9.6994765E-01,   1264,      1,   3417,  4.1669953E-04,  2.7466740E-10,0,1
  9.7039148E-01,   1265,      1,   3421,  4.4259371E-04,  3.0372149E-10,0,1
  9.7083531E-01,   1266,      1,   3424,  4.8440897E-04,  4.2200554E-10,0,1
  9.7127915E-01,   1267,      1,   3428,  4.9337673E-04,  3.2014214E-10,0,1
  9.7172298E-01,   1268,      1,   3431,  5.1517580E-04,  3.1650416E-10,0,1
  9.7172298E-01,   1268,      2,   3432,  3.6494436E-04,  3.1650416E-10,0,1
  9.7216681E-01,   1269,      1,   3435,  3.4744882E-04,  5.0761173E-10,0,1
  9.7261064E-01,   1270,      1,   3438,  3.8998422E-04,  3.6743586E-10,0,1
  9.7305447E-01,   1271,      1,   3441,  4.4921538E-04,  3.1468517E-10,0,1
  9.7349830E-01,   1272,      1,   3445,  4.7071085E-04,  3.0195224E-10,0,1
  9.7394213E-01,   1273,      1,   3448,  4.9589190E-04,  3.3105607E-10,0,1
  9.7438596E-01,   1274,      1,   3452,  4.9597024E-04,  4.2382453E-10,0,1
  9.7482980E-01,   1275,      1,   3455,  5.0711888E-04,  3.2014214E-10,0,1
  9.7482980E-01,   1275,      2,   3456,  3.6158757E-04,  3.2014214E-10,0,1
  9.7527363E-01,   1276,      1,   3459,  3.3864195E-04,  2.9103830E-10,0,1
  9.7571746E-01,   1277,      1,   3462,  3.8093658E-04,  4.7293724E-10,0,1
  9.7616129E-01,   1278,      1,   3465,  4.3973959E-04,  3.2434855E-10,0,1
  9.7660512E-01,   1279,      1,   3469,  4.6181719E-04,  3.9108272E-10,0,1
  9.7704895E-01,   1280,      1,   3472,  4.8727325E-04,  3.4924597E-10,0,1
  9.7749278E-01,   1281,      1,   3475,  5.0571264E-04,  4.3655746E-10,0,1
  9.7749278E-01,   1281,      2,   3476,  3.5629786E-04,  4.3655746E-10,0,1
  9.7793662E-01,   1282,      1,   3479,  3.3169586E-04,  4.0290615E-10,0,1
  9.7838045E-01,   1283,      1,   3482,  3.7134936E-04,  3.6015990E-10,0,1
  9.7882428E-01,   1284,      1,   3485,  4.2664030E-04,  3.2741809E-10,0,1
  9.7926811E-01,   1285,      1,   3489,  4.4728316E-04,  3.6743586E-10,0,1
  9.7971194E-01,   1286,      1,   3492,  4.7225417E-04,  3.6470738E-10,0,1
  9.8015577E-01,   1287,      1,   3496,  4.7313564E-04,  3.0740921E-10,0,1
  9.8059960E-01,   1288,      1,   3499,  4.8436584E-04,  3.1214142E-10,0,1
  9.8104344E-01,   1289,      1,   3502,  4.9448236E-04,  4.9840310E-10,0,1
  9.8148727E-01,   1290,      1,   3506,  4.8100484E-04,  3.8562575E-10,0,1
  9.8193110E-01,   1291,      1,   3509,  4.8160495E-04,  4.1654857E-10,0,1
  9.8237493E-01,   1292,      1,   3512,  4.8605646E-04,  3.5652192E-10,0,1
  9.8281876E-01,   1293,      1,   3516,  4.7227337E-04,  3.6379788E-10,0,1
  9.8326259E-01,   1294,      1,   3519,  4.7356942E-04,  4.1472958E-10,0,1
  9.8370642E-01,   1295,      1,   3522,  4.7890783E-04,  3.9108272E-10,0,1
  9.8415026E-01,   1296,      1,   3526,  4.6614833E-04,  3.4560799E-10,0,1
  9.8459409E-01,   1297,      1,   3529,  4.6775383E-04,  3.4924597E-10,0,1
  9.8503792E-01,   1298,      1,   3532,  4.7504874E-04,  5.0931703E-10,0,1
  9.8548175E-01,   1299,      1,   3536,  4.6638581E-04,  4.5474735E-10,0,1
  9.8592558E-01,   1300,      1,   3539,  4.7244935E-04,  3.2741809E-10,0,1
